"player_id","player_name","team_logo_espn","gp","goals","ixg","gax","team","team_color1","team_color2"
8477932,"Aaron.Ekblad","https://a.espncdn.com/i/teamlogos/nhl/500/FLA.png",163,38,34.1537620765012,3.84623792349885,"Florida Panthers","#041E42","#C8102E"
8480871,"Adam.Boqvist","https://a.espncdn.com/i/teamlogos/nhl/500/CBJ.png",123,18,12.1524616152747,5.84753838472534,"Columbus Blue Jackets","#002654","#CE1126"
8477454,"Adam.Erne","https://a.espncdn.com/i/teamlogos/nhl/500/DET.png",181,25,26.2713225987682,-1.27132259876817,"Detroit Red Wings","#CE1126","#FFFFFF"
8479323,"Adam.Fox","https://a.espncdn.com/i/teamlogos/nhl/500/NYR.png",210,28,27.1480395893886,0.851960410611355,"New York Rangers","#0038A8","#CE1126"
8478874,"Adam.Gaudette","https://a.espncdn.com/i/teamlogos/nhl/500/OTT.png",97,10,16.1529723879066,-6.15297238790663,"Ottawa Senators","#C52032","#C2912C"
8474641,"Adam.Henrique","https://a.espncdn.com/i/teamlogos/nhl/500/ANA.png",161,50,45.9845016675827,4.01549833241734,"Anaheim Ducks","#F47A38","#B9975B"
8476457,"Adam.Larsson","https://a.espncdn.com/i/teamlogos/nhl/500/SEA.png",216,19,14.7665729347573,4.23342706524272,"Seattle Kraken","#99D9D9","#001628"
8476392,"Adam.Lowry","https://a.espncdn.com/i/teamlogos/nhl/500/WPG.png",208,33,38.2999431811331,-5.29994318113313,"Winnipeg Jets","#041E42","#AC162C"
8476917,"Adam.Pelech","https://a.espncdn.com/i/teamlogos/nhl/500/NYI.png",190,13,14.4902301615584,-1.49023016155843,"New York Islanders","#00539B","#F47D30"
8480008,"Adam.Ruzicka","https://a.espncdn.com/i/teamlogos/nhl/500/CGY.png",75,11,9.97454662254313,1.02545337745687,"Calgary Flames","#C8102E","#F1BE48"
8477960,"Adrian.Kempe","https://a.espncdn.com/i/teamlogos/nhl/500/LA.png",212,84,71.274090058524,12.725909941476,"Los Angeles Kings","#111111","#A2AAAD"
8474166,"Alec.Martinez","https://a.espncdn.com/i/teamlogos/nhl/500/VGK.png",153,14,11.5112208531355,2.48877914686454,"Vegas Golden Knights","#B4975A","#333F42"
8477493,"Aleksander.Barkov","https://a.espncdn.com/i/teamlogos/nhl/500/FLA.png",181,87,72.6740418109694,14.3259581890306,"Florida Panthers","#041E42","#C8102E"
8475163,"Alex.Chiasson","https://a.espncdn.com/i/teamlogos/nhl/500/DET.png",123,28,26.3780447321478,1.62195526785217,"Detroit Red Wings","#CE1126","#FFFFFF"
8479337,"Alex.DeBrincat","https://a.espncdn.com/i/teamlogos/nhl/500/OTT.png",212,99,86.3812551029841,12.6187448970159,"Ottawa Senators","#C52032","#C2912C"
8480029,"Alex.Formenton","https://a.espncdn.com/i/teamlogos/nhl/500/OTT.png",97,22,25.2550605427868,-3.25506054278679,"Ottawa Senators","#C52032","#C2912C"
8476851,"Alex.Galchenyuk","https://a.espncdn.com/i/teamlogos/nhl/500/COL.png",103,11,16.4845127218287,-5.48451272182865,"Colorado Avalanche","#6F263D","#236192"
8480113,"Alex.Iafallo","https://a.espncdn.com/i/teamlogos/nhl/500/LA.png",188,44,51.4111447420873,-7.41114474208734,"Los Angeles Kings","#111111","#A2AAAD"
8473986,"Alex.Killorn","https://a.espncdn.com/i/teamlogos/nhl/500/TB.png",213,63,55.9208832322474,7.07911676775257,"Tampa Bay Lightning","#002868","#FFFFFF"
8481618,"Alex.Newhook","https://a.espncdn.com/i/teamlogos/nhl/500/COL.png",151,26,25.732509176858,0.267490823141998,"Colorado Avalanche","#6F263D","#236192"
8471214,"Alex.Ovechkin","https://a.espncdn.com/i/teamlogos/nhl/500/WSH.png",192,114,92.8645387337383,21.1354612662617,"Washington Capitals","#C8102E","#041E42"
8474565,"Alex.Pietrangelo","https://a.espncdn.com/i/teamlogos/nhl/500/VGK.png",191,31,29.7240965556994,1.27590344430064,"Vegas Golden Knights","#B4975A","#333F42"
8477949,"Alex.Tuch","https://a.espncdn.com/i/teamlogos/nhl/500/BUF.png",174,65,60.8625300996377,4.13746990036228,"Buffalo Sabres","#002654","#FCB514"
8477505,"Alex.Wennberg","https://a.espncdn.com/i/teamlogos/nhl/500/SEA.png",214,41,36.1537889693282,4.84621103067184,"Seattle Kraken","#99D9D9","#001628"
8482222,"Alexander.Barabanov","https://a.espncdn.com/i/teamlogos/nhl/500/SJ.png",153,27,30.6939584470092,-3.69395844700921,"San Jose Sharks","#006D75","#000000"
8477021,"Alexander.Kerfoot","https://a.espncdn.com/i/teamlogos/nhl/500/TOR.png",214,31,38.3704616679483,-7.37046166794832,"Toronto Maple Leafs","#00205B","#FFFFFF"
8480074,"Alexandre.Texier","https://a.espncdn.com/i/teamlogos/nhl/500/CBJ.png",84,15,14.9501954269072,0.0498045730928425,"Columbus Blue Jackets","#002654","#CE1126"
8482109,"Alexis.Lafrenière","https://a.espncdn.com/i/teamlogos/nhl/500/NYR.png",209,45,34.5746769646648,10.4253230353352,"New York Rangers","#0038A8","#CE1126"
8478075,"Anders.Bjork","https://a.espncdn.com/i/teamlogos/nhl/500/CHI.png",101,10,10.3233611964097,-0.323361196409678,"Chicago Blackhawks","#CF0A2C","#000000"
8475314,"Anders.Lee","https://a.espncdn.com/i/teamlogos/nhl/500/NYI.png",180,65,60.7926923050254,4.20730769497459,"New York Islanders","#00539B","#F47D30"
8477444,"Andre.Burakovsky","https://a.espncdn.com/i/teamlogos/nhl/500/SEA.png",180,54,31.6924266668502,22.3075733331498,"Seattle Kraken","#99D9D9","#001628"
8476960,"Andreas.Athanasiou","https://a.espncdn.com/i/teamlogos/nhl/500/CHI.png",151,39,35.0352452306419,3.96475476935805,"Chicago Blackhawks","#CF0A2C","#000000"
8477341,"Andreas.Johnsson","https://a.espncdn.com/i/teamlogos/nhl/500/SJ.png",127,18,23.1249062220304,-5.1249062220304,"San Jose Sharks","#006D75","#000000"
8483808,"Andrei.Kuzmenko","https://a.espncdn.com/i/teamlogos/nhl/500/VAN.png",72,37,19.9362295303727,17.0637704696273,"Vancouver Canucks","#00205B","#00843D"
8480830,"Andrei.Svechnikov","https://a.espncdn.com/i/teamlogos/nhl/500/CAR.png",197,68,76.5685736247688,-8.56857362476876,"Carolina Hurricanes","#CC0000","#000000"
8471699,"Andrew.Cogliano","https://a.espncdn.com/i/teamlogos/nhl/500/COL.png",201,18,22.0482779964514,-4.04827799645136,"Colorado Avalanche","#6F263D","#236192"
8477429,"Andrew.Copp","https://a.espncdn.com/i/teamlogos/nhl/500/DET.png",204,45,54.7950661501404,-9.7950661501404,"Detroit Red Wings","#CE1126","#FFFFFF"
8478233,"Andrew.Mangiapane","https://a.espncdn.com/i/teamlogos/nhl/500/CGY.png",215,70,63.0250231485697,6.97497685143026,"Calgary Flames","#C8102E","#F1BE48"
8478463,"Anthony.Beauvillier","https://a.espncdn.com/i/teamlogos/nhl/500/VAN.png",194,45,50.8128136321611,-5.81281363216112,"Vancouver Canucks","#00205B","#00843D"
8478519,"Anthony.Cirelli","https://a.espncdn.com/i/teamlogos/nhl/500/TB.png",179,37,41.3811694579803,-4.38116945798035,"Tampa Bay Lightning","#002868","#FFFFFF"
8477407,"Anthony.Duclair","https://a.espncdn.com/i/teamlogos/nhl/500/FLA.png",131,42,45.8797230852092,-3.87972308520918,"Florida Panthers","#041E42","#C8102E"
8477511,"Anthony.Mantha","https://a.espncdn.com/i/teamlogos/nhl/500/WSH.png",158,35,35.2885234108857,-0.288523410885745,"Washington Capitals","#C8102E","#041E42"
8482113,"Anton.Lundell","https://a.espncdn.com/i/teamlogos/nhl/500/FLA.png",134,30,31.6055927533598,-1.60559275335982,"Florida Panthers","#041E42","#C8102E"
8471873,"Anton.Stralman","https://a.espncdn.com/i/teamlogos/nhl/500/BOS.png",119,11,7.06070207407174,3.93929792592826,"Boston Bruins","#FFB81C","#000000"
8471685,"Anze.Kopitar","https://a.espncdn.com/i/teamlogos/nhl/500/LA.png",215,59,50.5635133612959,8.43648663870408,"Los Angeles Kings","#111111","#A2AAAD"
8482245,"Artem.Zub","https://a.espncdn.com/i/teamlogos/nhl/500/OTT.png",177,12,8.58871857193299,3.41128142806701,"Ottawa Senators","#C52032","#C2912C"
8478550,"Artemi.Panarin","https://a.espncdn.com/i/teamlogos/nhl/500/NYR.png",195,65,48.6475837903126,16.3524162096874,"New York Rangers","#0038A8","#CE1126"
8481560,"Arthur.Kaliyev","https://a.espncdn.com/i/teamlogos/nhl/500/LA.png",133,27,29.8332687724032,-2.83326877240324,"Los Angeles Kings","#111111","#A2AAAD"
8477476,"Artturi.Lehkonen","https://a.espncdn.com/i/teamlogos/nhl/500/COL.png",180,46,44.1603909090045,1.83960909099551,"Colorado Avalanche","#6F263D","#236192"
8475766,"Austin.Watson","https://a.espncdn.com/i/teamlogos/nhl/500/OTT.png",175,22,21.5134992471285,0.486500752871507,"Ottawa Senators","#C52032","#C2912C"
8479318,"Auston.Matthews","https://a.espncdn.com/i/teamlogos/nhl/500/TOR.png",195,139,105.756752742804,33.2432472571963,"Toronto Maple Leafs","#00205B","#FFFFFF"
8476624,"Barclay.Goodrow","https://a.espncdn.com/i/teamlogos/nhl/500/NYR.png",211,30,35.2224816944217,-5.22248169442173,"New York Rangers","#0038A8","#CE1126"
8480849,"Barrett.Hayton","https://a.espncdn.com/i/teamlogos/nhl/500/ARI.png",152,30,31.8621654978779,-1.86216549787787,"Arizona Coyotes","#8C2633","#DDCBA4"
8475279,"Ben.Chiarot","https://a.espncdn.com/i/teamlogos/nhl/500/DET.png",186,15,15.4477809007512,-0.447780900751241,"Detroit Red Wings","#CE1126","#FFFFFF"
8476399,"Blake.Coleman","https://a.espncdn.com/i/teamlogos/nhl/500/CGY.png",211,48,59.3170425405792,-11.3170425405792,"Calgary Flames","#C8102E","#F1BE48"
8481481,"Blake.Lizotte","https://a.espncdn.com/i/teamlogos/nhl/500/LA.png",188,24,26.3215791808034,-2.32157918080338,"Los Angeles Kings","#111111","#A2AAAD"
8471218,"Blake.Wheeler","https://a.espncdn.com/i/teamlogos/nhl/500/WPG.png",183,48,53.1987670773233,-5.19876707732328,"Winnipeg Jets","#041E42","#AC162C"
8477500,"Bo.Horvat","https://a.espncdn.com/i/teamlogos/nhl/500/NYI.png",201,88,76.3731227806857,11.6268772193143,"New York Islanders","#00539B","#F47D30"
8476432,"Boone.Jenner","https://a.espncdn.com/i/teamlogos/nhl/500/CBJ.png",166,57,54.7811734372517,2.21882656274829,"Columbus Blue Jackets","#002654","#CE1126"
8481524,"Bowen.Byram","https://a.espncdn.com/i/teamlogos/nhl/500/COL.png",87,15,9.03124579886207,5.96875420113793,"Colorado Avalanche","#6F263D","#236192"
8473419,"Brad.Marchand","https://a.espncdn.com/i/teamlogos/nhl/500/BOS.png",191,81,69.4568929859715,11.5431070140285,"Boston Bruins","#FFB81C","#000000"
8476869,"Brady.Skjei","https://a.espncdn.com/i/teamlogos/nhl/500/CAR.png",210,30,23.3184906534079,6.68150934659207,"Carolina Hurricanes","#CC0000","#000000"
8480801,"Brady.Tkachuk","https://a.espncdn.com/i/teamlogos/nhl/500/OTT.png",213,82,107.926770939062,-25.9267709390624,"Ottawa Senators","#C52032","#C2912C"
8478443,"Brandon.Carlo","https://a.espncdn.com/i/teamlogos/nhl/500/BOS.png",175,12,10.6310631573433,1.36893684265669,"Boston Bruins","#FFB81C","#000000"
8479520,"Brandon.Duhaime","https://a.espncdn.com/i/teamlogos/nhl/500/MIN.png",127,15,14.5791748414777,0.420825158522348,"Minnesota Wild","#154734","#A6192E"
8479542,"Brandon.Hagel","https://a.espncdn.com/i/teamlogos/nhl/500/TB.png",205,62,55.2752684790466,6.72473152095336,"Tampa Bay Lightning","#002868","#FFFFFF"
8477986,"Brandon.Montour","https://a.espncdn.com/i/teamlogos/nhl/500/FLA.png",206,33,30.544308006487,2.45569199351303,"Florida Panthers","#041E42","#C8102E"
8476438,"Brandon.Saad","https://a.espncdn.com/i/teamlogos/nhl/500/STL.png",187,58,46.5813559677626,11.4186440322374,"St. Louis Blues","#002F87","#FCB514"
8479293,"Brandon.Tanev","https://a.espncdn.com/i/teamlogos/nhl/500/SEA.png",139,32,29.0362809473031,2.96371905269692,"Seattle Kraken","#99D9D9","#001628"
8478010,"Brayden.Point","https://a.espncdn.com/i/teamlogos/nhl/500/TB.png",199,98,76.6046979727689,21.3953020272311,"Tampa Bay Lightning","#002868","#FFFFFF"
8475170,"Brayden.Schenn","https://a.espncdn.com/i/teamlogos/nhl/500/STL.png",196,61,48.3008312860329,12.6991687139671,"St. Louis Blues","#002F87","#FCB514"
8475848,"Brendan.Gallagher",NA,125,29,36.7862415457516,-7.78624154575161,"Montréal Canadiens",NA,NA
8477962,"Brendan.Lemieux","https://a.espncdn.com/i/teamlogos/nhl/500/PHI.png",139,14,17.0210635089629,-3.02106350896289,"Philadelphia Flyers","#F74902","#000000"
8470613,"Brent.Burns","https://a.espncdn.com/i/teamlogos/nhl/500/CAR.png",216,31,28.948439880478,2.05156011952204,"Carolina Hurricanes","#CC0000","#000000"
8479353,"Brett.Howden","https://a.espncdn.com/i/teamlogos/nhl/500/VGK.png",141,15,16.8222803163808,-1.82228031638078,"Vegas Golden Knights","#B4975A","#333F42"
8476967,"Brett.Kulak","https://a.espncdn.com/i/teamlogos/nhl/500/EDM.png",195,10,10.054142931418,-0.0541429314180277,"Edmonton Oilers","#FF4C00","#041E42"
8477488,"Brett.Pesce","https://a.espncdn.com/i/teamlogos/nhl/500/CAR.png",202,15,16.1603297659021,-1.16032976590213,"Carolina Hurricanes","#CC0000","#000000"
8476439,"Brett.Ritchie","https://a.espncdn.com/i/teamlogos/nhl/500/ARI.png",119,15,14.450038129522,0.549961870478,"Arizona Coyotes","#8C2633","#DDCBA4"
8470619,"Brian.Boyle","https://a.espncdn.com/i/teamlogos/nhl/500/PIT.png",66,11,7.34678700845689,3.65321299154311,"Pittsburgh Penguins","#FCB514","#000000"
8478444,"Brock.Boeser","https://a.espncdn.com/i/teamlogos/nhl/500/VAN.png",196,63,62.2050716324011,0.794928367598914,"Vancouver Canucks","#00205B","#00843D"
8476934,"Brock.McGinn","https://a.espncdn.com/i/teamlogos/nhl/500/ANA.png",175,32,25.6186920379696,6.38130796203041,"Anaheim Ducks","#F47A38","#B9975B"
8475754,"Brock.Nelson","https://a.espncdn.com/i/teamlogos/nhl/500/NYI.png",205,88,75.3999317052294,12.6000682947706,"New York Islanders","#00539B","#F47D30"
8475810,"Bryan.Rust","https://a.espncdn.com/i/teamlogos/nhl/500/PIT.png",191,66,75.1133048514312,-9.11330485143117,"Pittsburgh Penguins","#FCB514","#000000"
8473504,"Cal.Clutterbuck","https://a.espncdn.com/i/teamlogos/nhl/500/NYI.png",155,16,20.1073605043639,-4.1073605043639,"New York Islanders","#00539B","#F47D30"
8480069,"Cale.Makar","https://a.espncdn.com/i/teamlogos/nhl/500/COL.png",179,53,31.6108992844529,21.3891007155471,"Colorado Avalanche","#6F263D","#236192"
8475714,"Calle.Jarnkrok","https://a.espncdn.com/i/teamlogos/nhl/500/TOR.png",184,44,35.6429173143406,8.35708268565941,"Toronto Maple Leafs","#00205B","#FFFFFF"
8480157,"Calle.Rosen","https://a.espncdn.com/i/teamlogos/nhl/500/STL.png",61,10,3.93165422809398,6.06834577190602,"St. Louis Blues","#002F87","#FCB514"
8474715,"Cam.Atkinson","https://a.espncdn.com/i/teamlogos/nhl/500/PHI.png",129,38,41.46974609068,-3.46974609067995,"Philadelphia Flyers","#F74902","#000000"
8475764,"Cam.Fowler","https://a.espncdn.com/i/teamlogos/nhl/500/ANA.png",209,24,18.5863715010637,5.4136284989363,"Anaheim Ducks","#F47A38","#B9975B"
8479336,"Carl.Grundstrom","https://a.espncdn.com/i/teamlogos/nhl/500/LA.png",154,26,22.3946845321116,3.60531546788843,"Los Angeles Kings","#111111","#A2AAAD"
8477369,"Carson.Soucy","https://a.espncdn.com/i/teamlogos/nhl/500/SEA.png",188,14,9.49908190150745,4.50091809849255,"Seattle Kraken","#99D9D9","#001628"
8477409,"Carter.Verhaeghe","https://a.espncdn.com/i/teamlogos/nhl/500/FLA.png",198,81,69.4683345848462,11.5316654151538,"Florida Panthers","#041E42","#C8102E"
8475231,"Casey.Cizikas","https://a.espncdn.com/i/teamlogos/nhl/500/NYI.png",206,22,31.0484790767514,-9.04847907675139,"New York Islanders","#00539B","#F47D30"
8479999,"Casey.Mittelstadt","https://a.espncdn.com/i/teamlogos/nhl/500/BUF.png",157,26,26.3881540431757,-0.388154043175746,"Buffalo Sabres","#002654","#FCB514"
8476905,"Chandler.Stephenson","https://a.espncdn.com/i/teamlogos/nhl/500/VGK.png",208,50,47.2915853985805,2.70841460141953,"Vegas Golden Knights","#B4975A","#333F42"
8475745,"Charlie.Coyle","https://a.espncdn.com/i/teamlogos/nhl/500/BOS.png",210,35,35.5467320590396,-0.546732059039641,"Boston Bruins","#FFB81C","#000000"
8479325,"Charlie.McAvoy","https://a.espncdn.com/i/teamlogos/nhl/500/BOS.png",192,22,20.019882816363,1.98011718363705,"Boston Bruins","#FFB81C","#000000"
8475184,"Chris.Kreider","https://a.espncdn.com/i/teamlogos/nhl/500/NYR.png",205,107,89.4332626502751,17.5667373497249,"New York Rangers","#0038A8","#CE1126"
8476919,"Chris.Tierney",NA,156,15,15.2942041838251,-0.294204183825059,"Montréal Canadiens",NA,NA
8477989,"Christian.Dvorak",NA,176,38,39.7197169481974,-1.71971694819737,"Montréal Canadiens",NA,NA
8478432,"Christian.Fischer","https://a.espncdn.com/i/teamlogos/nhl/500/ARI.png",181,20,24.6542938087659,-4.65429380876594,"Arizona Coyotes","#8C2633","#DDCBA4"
8473512,"Claude.Giroux","https://a.espncdn.com/i/teamlogos/nhl/500/OTT.png",207,68,50.5758643188601,17.4241356811399,"Ottawa Senators","#C52032","#C2912C"
8479343,"Clayton.Keller","https://a.espncdn.com/i/teamlogos/nhl/500/ARI.png",199,78,58.8402468625304,19.1597531374696,"Arizona Coyotes","#8C2633","#DDCBA4"
8476879,"Cody.Ceci","https://a.espncdn.com/i/teamlogos/nhl/500/EDM.png",208,10,9.39830096182413,0.601699038175866,"Edmonton Oilers","#FF4C00","#041E42"
8479996,"Cody.Glass","https://a.espncdn.com/i/teamlogos/nhl/500/NSH.png",102,18,19.3905271845288,-1.39052718452876,"Nashville Predators","#FFB81C","#041E42"
8481540,"Cole.Caufield",NA,123,53,38.2716865454495,14.7283134545505,"Montréal Canadiens",NA,NA
8482149,"Cole.Perfetti","https://a.espncdn.com/i/teamlogos/nhl/500/WPG.png",68,10,14.0982862582896,-4.09828625828959,"Winnipeg Jets","#041E42","#AC162C"
8482705,"Cole.Sillinger","https://a.espncdn.com/i/teamlogos/nhl/500/CBJ.png",142,19,27.6587174443703,-8.65871744437027,"Columbus Blue Jackets","#002654","#CE1126"
8476278,"Colin.Blackwell","https://a.espncdn.com/i/teamlogos/nhl/500/CHI.png",156,24,21.2751003371377,2.7248996628623,"Chicago Blackhawks","#CF0A2C","#000000"
8476525,"Colin.Miller","https://a.espncdn.com/i/teamlogos/nhl/500/DAL.png",159,12,8.37296687425987,3.62703312574013,"Dallas Stars","#006847","#8F8F8C"
8478400,"Colin.White","https://a.espncdn.com/i/teamlogos/nhl/500/FLA.png",132,21,21.7402604226372,-0.74026042263722,"Florida Panthers","#041E42","#C8102E"
8476892,"Colton.Parayko","https://a.espncdn.com/i/teamlogos/nhl/500/STL.png",186,12,16.7827473240927,-4.78274732409269,"St. Louis Blues","#002F87","#FCB514"
8476925,"Colton.Sissons","https://a.espncdn.com/i/teamlogos/nhl/500/NSH.png",210,26,26.9374205289955,-0.937420528995485,"Nashville Predators","#FFB81C","#041E42"
8477015,"Connor.Brown","https://a.espncdn.com/i/teamlogos/nhl/500/WSH.png",124,31,30.1188428616465,0.881157138353533,"Washington Capitals","#C8102E","#041E42"
8478402,"Connor.McDavid","https://a.espncdn.com/i/teamlogos/nhl/500/EDM.png",214,139,122.006751782062,16.9932482179384,"Edmonton Oilers","#FF4C00","#041E42"
8476473,"Connor.Murphy","https://a.espncdn.com/i/teamlogos/nhl/500/CHI.png",181,13,8.6667454984854,4.3332545015146,"Chicago Blackhawks","#CF0A2C","#000000"
8478856,"Conor.Garland","https://a.espncdn.com/i/teamlogos/nhl/500/VAN.png",201,45,45.9593485850201,-0.959348585020052,"Vancouver Canucks","#00205B","#00843D"
8477839,"Conor.Sheary","https://a.espncdn.com/i/teamlogos/nhl/500/WSH.png",200,48,43.0082531596709,4.99174684032914,"Washington Capitals","#C8102E","#041E42"
8470621,"Corey.Perry","https://a.espncdn.com/i/teamlogos/nhl/500/TB.png",204,40,45.1377937236248,-5.13779372362478,"Tampa Bay Lightning","#002868","#FFFFFF"
8475225,"Craig.Smith","https://a.espncdn.com/i/teamlogos/nhl/500/WSH.png",187,34,37.7334950830409,-3.73349508304091,"Washington Capitals","#C8102E","#041E42"
8477508,"Curtis.Lazar","https://a.espncdn.com/i/teamlogos/nhl/500/NJD.png",167,18,24.6175655457773,-6.61756554577732,"New Jersey Devils","#CE1126","#000000"
8478057,"Dakota.Joshua","https://a.espncdn.com/i/teamlogos/nhl/500/VAN.png",116,15,14.5806701874244,0.419329812575597,"Vancouver Canucks","#00205B","#00843D"
8476923,"Damon.Severson","https://a.espncdn.com/i/teamlogos/nhl/500/NJD.png",213,21,19.9514956038911,1.04850439610891,"New Jersey Devils","#CE1126","#000000"
8478466,"Daniel.Sprong","https://a.espncdn.com/i/teamlogos/nhl/500/SEA.png",166,47,33.0108778448775,13.9891221551225,"Seattle Kraken","#99D9D9","#001628"
8478046,"Danton.Heinen","https://a.espncdn.com/i/teamlogos/nhl/500/PIT.png",176,31,34.608727080762,-3.60872708076204,"Pittsburgh Penguins","#FCB514","#000000"
8477498,"Darnell.Nurse","https://a.espncdn.com/i/teamlogos/nhl/500/EDM.png",205,37,32.663862137706,4.33613786229398,"Edmonton Oilers","#FF4C00","#041E42"
8471794,"Darren.Helm","https://a.espncdn.com/i/teamlogos/nhl/500/COL.png",124,10,17.0119989182713,-7.01199891827127,"Colorado Avalanche","#6F263D","#236192"
8480144,"David.Kampf","https://a.espncdn.com/i/teamlogos/nhl/500/TOR.png",214,19,30.1171987076814,-11.1171987076814,"Toronto Maple Leafs","#00205B","#FFFFFF"
8471276,"David.Krejci","https://a.espncdn.com/i/teamlogos/nhl/500/BOS.png",120,24,21.7035642294213,2.29643577057868,"Boston Bruins","#FFB81C","#000000"
8477956,"David.Pastrnak","https://a.espncdn.com/i/teamlogos/nhl/500/BOS.png",197,116,88.3149947398197,27.6850052601803,"Boston Bruins","#FFB81C","#000000"
8474102,"David.Perron","https://a.espncdn.com/i/teamlogos/nhl/500/DET.png",200,69,56.6531223760976,12.3468776239024,"Detroit Red Wings","#CE1126","#FFFFFF"
8482110,"Dawson.Mercer","https://a.espncdn.com/i/teamlogos/nhl/500/NJD.png",161,44,43.5925246266997,0.407475373300258,"New Jersey Devils","#CE1126","#000000"
8478495,"Denis.Gurianov",NA,188,30,37.0222246820631,-7.0222246820631,"Montréal Canadiens",NA,NA
8478843,"Denis.Malgin","https://a.espncdn.com/i/teamlogos/nhl/500/COL.png",58,10,9.13505955110304,0.864940448896959,"Colorado Avalanche","#6F263D","#236192"
8475762,"Derek.Forbort","https://a.espncdn.com/i/teamlogos/nhl/500/BOS.png",182,11,5.71693625170155,5.28306374829845,"Boston Bruins","#FFB81C","#000000"
8474683,"Derek.Grant","https://a.espncdn.com/i/teamlogos/nhl/500/ANA.png",158,26,27.8979999297757,-1.89799992977575,"Anaheim Ducks","#F47A38","#B9975B"
8478585,"Derek.Ryan","https://a.espncdn.com/i/teamlogos/nhl/500/EDM.png",193,24,23.6898993205541,0.310100679445895,"Edmonton Oilers","#FF4C00","#041E42"
8474613,"Derek.Stepan","https://a.espncdn.com/i/teamlogos/nhl/500/CAR.png",148,15,21.0057565454335,-6.00575654543354,"Carolina Hurricanes","#CC0000","#000000"
8473544,"Derick.Brassard","https://a.espncdn.com/i/teamlogos/nhl/500/OTT.png",159,29,25.7028498524014,3.29715014759859,"Ottawa Senators","#C52032","#C2912C"
8476913,"Devin.Shore","https://a.espncdn.com/i/teamlogos/nhl/500/EDM.png",132,11,13.1521192506771,-2.15211925067706,"Edmonton Oilers","#FF4C00","#041E42"
8478038,"Devon.Toews","https://a.espncdn.com/i/teamlogos/nhl/500/COL.png",191,28,23.3132474935264,4.68675250647357,"Colorado Avalanche","#6F263D","#236192"
8479346,"Dillon.Dube","https://a.espncdn.com/i/teamlogos/nhl/500/CGY.png",204,47,43.6959233805269,3.30407661947314,"Calgary Flames","#C8102E","#F1BE48"
8475179,"Dmitry.Kulikov","https://a.espncdn.com/i/teamlogos/nhl/500/PIT.png",192,10,10.5335063795937,-0.533506379593746,"Pittsburgh Penguins","#FCB514","#000000"
8475200,"Dmitry.Orlov","https://a.espncdn.com/i/teamlogos/nhl/500/BOS.png",189,26,17.3075975867396,8.69240241326042,"Boston Bruins","#FFB81C","#000000"
8477330,"Dominik.Kubalik","https://a.espncdn.com/i/teamlogos/nhl/500/DET.png",209,52,57.6071778385667,-5.60717783856671,"Detroit Red Wings","#CE1126","#FFFFFF"
8476462,"Dougie.Hamilton","https://a.espncdn.com/i/teamlogos/nhl/500/NJD.png",195,40,36.2646840130183,3.73531598698173,"New Jersey Devils","#CE1126","#000000"
8480208,"Drake.Batherson","https://a.espncdn.com/i/teamlogos/nhl/500/OTT.png",180,55,53.1752106212662,1.82478937873384,"Ottawa Senators","#C52032","#C2912C"
8474563,"Drew.Doughty","https://a.espncdn.com/i/teamlogos/nhl/500/LA.png",172,23,21.7685025487153,1.23149745128467,"Los Angeles Kings","#111111","#A2AAAD"
8478211,"Dryden.Hunt","https://a.espncdn.com/i/teamlogos/nhl/500/TOR.png",137,12,16.3855987141651,-4.3855987141651,"Toronto Maple Leafs","#00205B","#FFFFFF"
8470606,"Dustin.Brown","https://a.espncdn.com/i/teamlogos/nhl/500/LA.png",113,26,31.3472539565118,-5.34725395651185,"Los Angeles Kings","#111111","#A2AAAD"
8481528,"Dylan.Cozens","https://a.espncdn.com/i/teamlogos/nhl/500/BUF.png",195,48,48.5815186002292,-0.581518600229174,"Buffalo Sabres","#002654","#FCB514"
8479580,"Dylan.Gambrell","https://a.espncdn.com/i/teamlogos/nhl/500/OTT.png",168,11,16.2376389303536,-5.23763893035357,"Ottawa Senators","#C52032","#C2912C"
8477946,"Dylan.Larkin","https://a.espncdn.com/i/teamlogos/nhl/500/DET.png",191,71,65.0875792590058,5.91242074099415,"Detroit Red Wings","#CE1126","#FFFFFF"
8478440,"Dylan.Strome","https://a.espncdn.com/i/teamlogos/nhl/500/WSH.png",185,50,43.3904647158488,6.60953528415121,"Washington Capitals","#C8102E","#041E42"
8480009,"Eeli.Tolvanen","https://a.espncdn.com/i/teamlogos/nhl/500/SEA.png",170,39,28.5925978551459,10.4074021448541,"Seattle Kraken","#99D9D9","#001628"
8480185,"Eetu.Luostarinen","https://a.espncdn.com/i/teamlogos/nhl/500/FLA.png",199,28,33.0736666057492,-5.07366660574917,"Florida Panthers","#041E42","#C8102E"
8477496,"Elias.Lindholm","https://a.espncdn.com/i/teamlogos/nhl/500/CGY.png",213,82,70.7252386532491,11.2747613467509,"Calgary Flames","#C8102E","#F1BE48"
8480012,"Elias.Pettersson","https://a.espncdn.com/i/teamlogos/nhl/500/VAN.png",181,78,61.2446224403415,16.7553775596585,"Vancouver Canucks","#00205B","#00843D"
8480205,"Emil.Bemstrom","https://a.espncdn.com/i/teamlogos/nhl/500/CBJ.png",106,15,17.5135045483789,-2.5135045483789,"Columbus Blue Jackets","#002654","#CE1126"
8480762,"Eric.Robinson","https://a.espncdn.com/i/teamlogos/nhl/500/CBJ.png",192,30,33.2593627587194,-3.25936275871936,"Columbus Blue Jackets","#002654","#CE1126"
8470595,"Eric.Staal","https://a.espncdn.com/i/teamlogos/nhl/500/FLA.png",121,19,21.9476383260626,-2.94763832606259,"Florida Panthers","#041E42","#C8102E"
8476979,"Erik.Gustafsson","https://a.espncdn.com/i/teamlogos/nhl/500/TOR.png",151,11,11.04918258627,-0.0491825862700352,"Toronto Maple Leafs","#00205B","#FFFFFF"
8475287,"Erik.Haula","https://a.espncdn.com/i/teamlogos/nhl/500/NJD.png",208,39,44.3089432513611,-5.30894325136111,"New Jersey Devils","#CE1126","#000000"
8474578,"Erik.Karlsson","https://a.espncdn.com/i/teamlogos/nhl/500/SJ.png",179,41,25.0380929807216,15.9619070192784,"San Jose Sharks","#006D75","#000000"
8476902,"Esa.Lindell","https://a.espncdn.com/i/teamlogos/nhl/500/DAL.png",209,16,17.6213351441256,-1.62133514412562,"Dallas Stars","#006847","#8F8F8C"
8478451,"Ethan.Bear","https://a.espncdn.com/i/teamlogos/nhl/500/VAN.png",154,10,10.1833681977296,-0.183368197729578,"Vancouver Canucks","#00205B","#00843D"
8480803,"Evan.Bouchard","https://a.espncdn.com/i/teamlogos/nhl/500/EDM.png",173,20,20.7242512415251,-0.724251241525053,"Edmonton Oilers","#FF4C00","#041E42"
8478542,"Evan.Rodrigues","https://a.espncdn.com/i/teamlogos/nhl/500/COL.png",179,40,52.1041879781842,-12.1041879781842,"Colorado Avalanche","#6F263D","#236192"
8475169,"Evander.Kane","https://a.espncdn.com/i/teamlogos/nhl/500/EDM.png",137,59,58.675151896954,0.324848103045952,"Edmonton Oilers","#FF4C00","#041E42"
8471215,"Evgeni.Malkin","https://a.espncdn.com/i/teamlogos/nhl/500/PIT.png",152,53,50.5667344828762,2.4332655171238,"Pittsburgh Penguins","#FCB514","#000000"
8474149,"Evgenii.Dadonov","https://a.espncdn.com/i/teamlogos/nhl/500/DAL.png",198,40,42.2709660872206,-2.27096608722059,"Dallas Stars","#006847","#8F8F8C"
8475744,"Evgeny.Kuznetsov","https://a.espncdn.com/i/teamlogos/nhl/500/WSH.png",196,45,46.6051521739864,-1.60515217398643,"Washington Capitals","#C8102E","#041E42"
8478431,"Evgeny.Svechnikov","https://a.espncdn.com/i/teamlogos/nhl/500/SJ.png",143,18,16.8228451259783,1.17715487402165,"San Jose Sharks","#006D75","#000000"
8480078,"Filip.Chytil","https://a.espncdn.com/i/teamlogos/nhl/500/NYR.png",177,38,40.0208072506794,-2.02080725067935,"New York Rangers","#0038A8","#CE1126"
8476887,"Filip.Forsberg","https://a.espncdn.com/i/teamlogos/nhl/500/NSH.png",158,73,55.6768056725582,17.3231943274418,"Nashville Predators","#FFB81C","#041E42"
8479425,"Filip.Hronek","https://a.espncdn.com/i/teamlogos/nhl/500/VAN.png",196,16,19.3922329592097,-3.39223295920965,"Vancouver Canucks","#00205B","#00843D"
8480821,"Filip.Zadina","https://a.espncdn.com/i/teamlogos/nhl/500/DET.png",150,19,30.3109632848355,-11.3109632848355,"Detroit Red Wings","#CE1126","#FFFFFF"
8478366,"Frank.Vatrano","https://a.espncdn.com/i/teamlogos/nhl/500/ANA.png",203,56,54.9390962085353,1.06090379146469,"Anaheim Ducks","#F47A38","#B9975B"
8477919,"Frederick.Gaudreau","https://a.espncdn.com/i/teamlogos/nhl/500/MIN.png",171,32,31.7544456228811,0.245554377118911,"Minnesota Wild","#154734","#A6192E"
8476455,"Gabriel.Landeskog","https://a.espncdn.com/i/teamlogos/nhl/500/COL.png",105,50,44.4761943610501,5.52380563894985,"Colorado Avalanche","#6F263D","#236192"
8480014,"Gabriel.Vilardi","https://a.espncdn.com/i/teamlogos/nhl/500/LA.png",141,37,30.2991392644471,6.70086073555285,"Los Angeles Kings","#111111","#A2AAAD"
8477903,"Garnet.Hathaway","https://a.espncdn.com/i/teamlogos/nhl/500/BOS.png",211,32,32.0190863100288,-0.019086310028797,"Boston Bruins","#FFB81C","#000000"
8478055,"Gustav.Forsling","https://a.espncdn.com/i/teamlogos/nhl/500/FLA.png",192,28,22.1680321936146,5.83196780638536,"Florida Panthers","#041E42","#C8102E"
8474679,"Gustav.Nyquist","https://a.espncdn.com/i/teamlogos/nhl/500/CBJ.png",126,28,27.2145343376928,0.785465662307193,"Columbus Blue Jackets","#002654","#CE1126"
8476854,"Hampus.Lindholm","https://a.espncdn.com/i/teamlogos/nhl/500/BOS.png",164,17,17.9709333475621,-0.970933347562095,"Boston Bruins","#FFB81C","#000000"
8481624,"Ilya.Mikheyev","https://a.espncdn.com/i/teamlogos/nhl/500/VAN.png",152,41,38.8643501015322,2.13564989846782,"Vancouver Canucks","#00205B","#00843D"
8480806,"Isac.Lundestrom","https://a.espncdn.com/i/teamlogos/nhl/500/ANA.png",178,26,22.4168399150389,3.58316008496107,"Anaheim Ducks","#F47A38","#B9975B"
8477964,"Ivan.Barbashev","https://a.espncdn.com/i/teamlogos/nhl/500/VGK.png",198,47,40.2623521152709,6.73764788472909,"Vegas Golden Knights","#B4975A","#333F42"
8478500,"Ivan.Provorov","https://a.espncdn.com/i/teamlogos/nhl/500/PHI.png",212,21,20.3579781962617,0.642021803738317,"Philadelphia Flyers","#F74902","#000000"
8477456,"J.T..Compher","https://a.espncdn.com/i/teamlogos/nhl/500/COL.png",193,44,37.4320039280887,6.56799607191127,"Colorado Avalanche","#6F263D","#236192"
8476468,"J.T..Miller","https://a.espncdn.com/i/teamlogos/nhl/500/VAN.png",209,76,65.528375499537,10.471624500463,"Vancouver Canucks","#00205B","#00843D"
8482175,"JJ.Peterka","https://a.espncdn.com/i/teamlogos/nhl/500/BUF.png",73,11,12.8695505411306,-1.86955054113059,"Buffalo Sabres","#002654","#FCB514"
8476958,"Jaccob.Slavin","https://a.espncdn.com/i/teamlogos/nhl/500/CAR.png",203,14,18.6267928201996,-4.62679282019963,"Carolina Hurricanes","#CC0000","#000000"
8478403,"Jack.Eichel","https://a.espncdn.com/i/teamlogos/nhl/500/VGK.png",121,43,41.9959805018443,1.00401949815569,"Vegas Golden Knights","#B4975A","#333F42"
8481559,"Jack.Hughes","https://a.espncdn.com/i/teamlogos/nhl/500/NJD.png",180,79,77.1561433420284,1.84385665797163,"New Jersey Devils","#CE1126","#000000"
8480855,"Jack.McBain","https://a.espncdn.com/i/teamlogos/nhl/500/ARI.png",88,13,13.1549878382648,-0.154987838264788,"Arizona Coyotes","#8C2633","#DDCBA4"
8482097,"Jack.Quinn","https://a.espncdn.com/i/teamlogos/nhl/500/BUF.png",70,14,12.8553349116992,1.14466508830083,"Buffalo Sabres","#002654","#FCB514"
8478458,"Jack.Roslovic","https://a.espncdn.com/i/teamlogos/nhl/500/CBJ.png",201,44,33.4631276146974,10.5368723853026,"Columbus Blue Jackets","#002654","#CE1126"
8480216,"Jacob.Peterson","https://a.espncdn.com/i/teamlogos/nhl/500/SJ.png",70,14,11.6001846477302,2.3998153522698,"San Jose Sharks","#006D75","#000000"
8476885,"Jacob.Trouba","https://a.espncdn.com/i/teamlogos/nhl/500/NYR.png",196,21,25.4043024662024,-4.40430246620235,"New York Rangers","#0038A8","#CE1126"
8475768,"Jaden.Schwartz","https://a.espncdn.com/i/teamlogos/nhl/500/SEA.png",145,36,44.5828727895278,-8.58287278952776,"Seattle Kraken","#99D9D9","#001628"
8478498,"Jake.DeBrusk","https://a.espncdn.com/i/teamlogos/nhl/500/BOS.png",175,55,56.6496172643238,-1.64961726432375,"Boston Bruins","#FFB81C","#000000"
8478133,"Jake.Evans",NA,170,18,24.160845770748,-6.16084577074798,"Montréal Canadiens",NA,NA
8477404,"Jake.Guentzel","https://a.espncdn.com/i/teamlogos/nhl/500/PIT.png",205,98,103.165080895968,-5.16508089596755,"Pittsburgh Penguins","#FCB514","#000000"
8478013,"Jake.Walman","https://a.espncdn.com/i/teamlogos/nhl/500/DET.png",132,13,13.8123605450965,-0.812360545096453,"Detroit Red Wings","#CE1126","#FFFFFF"
8479345,"Jakob.Chychrun","https://a.espncdn.com/i/teamlogos/nhl/500/OTT.png",149,33,25.3703610635275,7.62963893647247,"Ottawa Senators","#C52032","#C2912C"
8475164,"Jakob.Silfverberg","https://a.espncdn.com/i/teamlogos/nhl/500/ANA.png",177,23,26.9865027524138,-3.9865027524138,"Anaheim Ducks","#F47A38","#B9975B"
8474161,"Jakub.Voracek","https://a.espncdn.com/i/teamlogos/nhl/500/CBJ.png",139,16,24.7653240376676,-8.7653240376676,"Columbus Blue Jackets","#002654","#CE1126"
8477944,"Jakub.Vrana","https://a.espncdn.com/i/teamlogos/nhl/500/STL.png",98,42,26.1586133199307,15.8413866800693,"St. Louis Blues","#002F87","#FCB514"
8474037,"James.van.Riemsdyk","https://a.espncdn.com/i/teamlogos/nhl/500/PHI.png",187,52,54.9843372476753,-2.98433724767528,"Philadelphia Flyers","#F74902","#000000"
8473994,"Jamie.Benn","https://a.espncdn.com/i/teamlogos/nhl/500/DAL.png",211,61,61.2363588208923,-0.236358820892264,"Dallas Stars","#006847","#8F8F8C"
8476467,"Jamie.Oleksiak","https://a.espncdn.com/i/teamlogos/nhl/500/SEA.png",199,16,15.7088281038887,0.291171896111337,"Seattle Kraken","#99D9D9","#001628"
8479511,"Janne.Kuokkanen","https://a.espncdn.com/i/teamlogos/nhl/500/NJD.png",106,14,14.996444612334,-0.996444612334017,"New Jersey Devils","#CE1126","#000000"
8478424,"Jansen.Harkins","https://a.espncdn.com/i/teamlogos/nhl/500/WPG.png",118,11,10.5122388321179,0.487761167882127,"Winnipeg Jets","#041E42","#AC162C"
8477955,"Jared.McCann","https://a.espncdn.com/i/teamlogos/nhl/500/SEA.png",192,79,48.8809736694406,30.1190263305594,"Seattle Kraken","#99D9D9","#001628"
8474716,"Jared.Spurgeon","https://a.espncdn.com/i/teamlogos/nhl/500/MIN.png",192,27,21.963024868659,5.03697513134102,"Minnesota Wild","#154734","#A6192E"
8479994,"Jaret.Anderson.Dolan","https://a.espncdn.com/i/teamlogos/nhl/500/LA.png",84,14,8.74308548233239,5.25691451766761,"Los Angeles Kings","#111111","#A2AAAD"
8477450,"Jason.Dickinson","https://a.espncdn.com/i/teamlogos/nhl/500/CHI.png",185,21,24.0521268532393,-3.05212685323932,"Chicago Blackhawks","#CF0A2C","#000000"
8480027,"Jason.Robertson","https://a.espncdn.com/i/teamlogos/nhl/500/DAL.png",202,101,72.576825600132,28.423174399868,"Dallas Stars","#006847","#8F8F8C"
8469455,"Jason.Spezza","https://a.espncdn.com/i/teamlogos/nhl/500/TOR.png",125,22,18.032839920983,3.96716007901705,"Toronto Maple Leafs","#00205B","#FFFFFF"
8475722,"Jason.Zucker","https://a.espncdn.com/i/teamlogos/nhl/500/PIT.png",153,44,43.1098864460946,0.890113553905394,"Pittsburgh Penguins","#FCB514","#000000"
8476419,"Jean.Gabriel.Pageau","https://a.espncdn.com/i/teamlogos/nhl/500/NYI.png",197,45,44.6964416464762,0.30355835352384,"New York Islanders","#00539B","#F47D30"
8470604,"Jeff.Carter","https://a.espncdn.com/i/teamlogos/nhl/500/PIT.png",205,49,54.0156167619716,-5.01561676197161,"Pittsburgh Penguins","#FCB514","#000000"
8473507,"Jeff.Petry","https://a.espncdn.com/i/teamlogos/nhl/500/PIT.png",180,23,16.854516848718,6.14548315128195,"Pittsburgh Penguins","#FCB514","#000000"
8475784,"Jeff.Skinner","https://a.espncdn.com/i/teamlogos/nhl/500/BUF.png",206,72,69.6964015580015,2.30359844199847,"Buffalo Sabres","#002654","#FCB514"
8480003,"Jesper.Boqvist","https://a.espncdn.com/i/teamlogos/nhl/500/NJD.png",149,23,20.1435374956345,2.85646250436548,"New Jersey Devils","#CE1126","#000000"
8479407,"Jesper.Bratt","https://a.espncdn.com/i/teamlogos/nhl/500/NJD.png",200,64,56.4769303501548,7.52306964984521,"New Jersey Devils","#CE1126","#000000"
8475855,"Jesper.Fast","https://a.espncdn.com/i/teamlogos/nhl/500/CAR.png",202,28,29.8881461954443,-1.88814619544428,"Carolina Hurricanes","#CC0000","#000000"
8480829,"Jesperi.Kotkaniemi","https://a.espncdn.com/i/teamlogos/nhl/500/CAR.png",200,33,34.5226767970744,-1.52267679707438,"Carolina Hurricanes","#CC0000","#000000"
8479344,"Jesse.Puljujarvi","https://a.espncdn.com/i/teamlogos/nhl/500/CAR.png",190,34,50.4071673801227,-16.4071673801227,"Carolina Hurricanes","#CC0000","#000000"
8476918,"Jimmy.Vesey","https://a.espncdn.com/i/teamlogos/nhl/500/NYR.png",190,23,33.2262572924665,-10.2262572924665,"New York Rangers","#0038A8","#CE1126"
8470794,"Joe.Pavelski","https://a.espncdn.com/i/teamlogos/nhl/500/DAL.png",215,77,71.4018660097936,5.59813399020641,"Dallas Stars","#006847","#8F8F8C"
8466138,"Joe.Thornton","https://a.espncdn.com/i/teamlogos/nhl/500/FLA.png",77,10,9.15771657385631,0.842283426143695,"Florida Panthers","#041E42","#C8102E"
8480813,"Joe.Veleno","https://a.espncdn.com/i/teamlogos/nhl/500/DET.png",147,18,16.3389737379621,1.66102626203792,"Detroit Red Wings","#CE1126","#FFFFFF"
8476469,"Joel.Armia",NA,140,20,24.3839385172469,-4.38393851724686,"Montréal Canadiens",NA,NA
8478493,"Joel.Eriksson.Ek","https://a.espncdn.com/i/teamlogos/nhl/500/MIN.png",209,67,72.0158898300288,-5.01588983002875,"Minnesota Wild","#154734","#A6192E"
8480797,"Joel.Farabee","https://a.espncdn.com/i/teamlogos/nhl/500/PHI.png",192,50,42.3769853694002,7.62301463059982,"Philadelphia Flyers","#F74902","#000000"
8481641,"Joel.Kiviranta","https://a.espncdn.com/i/teamlogos/nhl/500/DAL.png",146,14,20.3918373421475,-6.39183734214748,"Dallas Stars","#006847","#8F8F8C"
8475728,"Johan.Larsson","https://a.espncdn.com/i/teamlogos/nhl/500/WSH.png",95,15,11.6310770912387,3.36892290876131,"Washington Capitals","#C8102E","#041E42"
8474590,"John.Carlson","https://a.espncdn.com/i/teamlogos/nhl/500/WSH.png",166,36,29.4149024008148,6.58509759918525,"Washington Capitals","#C8102E","#041E42"
8475906,"John.Klingberg","https://a.espncdn.com/i/teamlogos/nhl/500/MIN.png",188,23,20.2294048320909,2.77059516790905,"Minnesota Wild","#154734","#A6192E"
8475166,"John.Tavares","https://a.espncdn.com/i/teamlogos/nhl/500/TOR.png",211,78,93.7188018167217,-15.7188018167217,"Toronto Maple Leafs","#00205B","#FFFFFF"
8476346,"Johnny.Gaudreau","https://a.espncdn.com/i/teamlogos/nhl/500/CBJ.png",212,78,70.6005578815306,7.39944211846941,"Columbus Blue Jackets","#002654","#CE1126"
8476463,"Jonas.Brodin","https://a.espncdn.com/i/teamlogos/nhl/500/MIN.png",182,16,15.5948681439841,0.405131856015942,"Minnesota Wild","#154734","#A6192E"
8481013,"Jonatan.Berggren","https://a.espncdn.com/i/teamlogos/nhl/500/DET.png",60,15,9.08596466539893,5.91403533460107,"Detroit Red Wings","#CE1126","#FFFFFF"
8479373,"Jonathan.Dahlen","https://a.espncdn.com/i/teamlogos/nhl/500/SJ.png",58,12,14.439651790366,-2.43965179036604,"San Jose Sharks","#006D75","#000000"
8477494,"Jonathan.Drouin",NA,133,10,20.3909910590446,-10.3909910590446,"Montréal Canadiens",NA,NA
8476456,"Jonathan.Huberdeau","https://a.espncdn.com/i/teamlogos/nhl/500/CGY.png",209,65,59.761282836555,5.23871716344505,"Calgary Flames","#C8102E","#F1BE48"
8476539,"Jonathan.Marchessault","https://a.espncdn.com/i/teamlogos/nhl/500/VGK.png",204,75,68.6642079812104,6.33579201878959,"Vegas Golden Knights","#B4975A","#333F42"
8473604,"Jonathan.Toews","https://a.espncdn.com/i/teamlogos/nhl/500/CHI.png",120,26,25.3112193181587,0.688780681841308,"Chicago Blackhawks","#CF0A2C","#000000"
8475820,"Joonas.Donskoi","https://a.espncdn.com/i/teamlogos/nhl/500/SEA.png",122,19,23.6213669243443,-4.62136692434433,"Seattle Kraken","#99D9D9","#001628"
8474586,"Jordan.Eberle","https://a.espncdn.com/i/teamlogos/nhl/500/SEA.png",212,56,50.7234682412818,5.27653175871819,"Seattle Kraken","#99D9D9","#001628"
8478413,"Jordan.Greenway","https://a.espncdn.com/i/teamlogos/nhl/500/BUF.png",173,22,30.4402048862685,-8.44020488626848,"Buffalo Sabres","#002654","#FCB514"
8479385,"Jordan.Kyrou","https://a.espncdn.com/i/teamlogos/nhl/500/STL.png",203,78,55.647083122647,22.352916877353,"St. Louis Blues","#002F87","#FCB514"
8476921,"Jordan.Martinook","https://a.espncdn.com/i/teamlogos/nhl/500/CAR.png",180,22,31.0664503202861,-9.06645032028609,"Carolina Hurricanes","#CC0000","#000000"
8473533,"Jordan.Staal","https://a.espncdn.com/i/teamlogos/nhl/500/CAR.png",208,50,53.2554389453144,-3.25543894531438,"Carolina Hurricanes","#CC0000","#000000"
8476981,"Josh.Anderson",NA,190,57,55.2446230379137,1.7553769620863,"Montréal Canadiens",NA,NA
8476326,"Josh.Archibald","https://a.espncdn.com/i/teamlogos/nhl/500/PIT.png",119,13,15.4382664478908,-2.43826644789078,"Pittsburgh Penguins","#FCB514","#000000"
8474573,"Josh.Bailey","https://a.espncdn.com/i/teamlogos/nhl/500/NYI.png",187,30,28.9878222548286,1.01217774517136,"New York Islanders","#00539B","#F47D30"
8476410,"Josh.Leivo","https://a.espncdn.com/i/teamlogos/nhl/500/STL.png",92,11,14.4650856534136,-3.46508565341355,"St. Louis Blues","#002F87","#FCB514"
8477504,"Josh.Morrissey","https://a.espncdn.com/i/teamlogos/nhl/500/WPG.png",209,29,27.1662151008204,1.83378489917959,"Winnipeg Jets","#041E42","#AC162C"
8480064,"Josh.Norris","https://a.espncdn.com/i/teamlogos/nhl/500/OTT.png",130,54,36.842548489105,17.157451510895,"Ottawa Senators","#C52032","#C2912C"
8477996,"Juho.Lammikko","https://a.espncdn.com/i/teamlogos/nhl/500/VAN.png",117,11,10.9524203552282,0.0475796447717585,"Vancouver Canucks","#00205B","#00843D"
8476915,"Jujhar.Khaira","https://a.espncdn.com/i/teamlogos/nhl/500/CHI.png",114,11,13.8918616880401,-2.89186168804008,"Chicago Blackhawks","#CF0A2C","#000000"
8479328,"Julien.Gauthier","https://a.espncdn.com/i/teamlogos/nhl/500/OTT.png",129,13,19.4978256186587,-6.49782561865868,"Ottawa Senators","#C52032","#C2912C"
8479941,"Justin.Danforth","https://a.espncdn.com/i/teamlogos/nhl/500/CBJ.png",51,12,9.3637359948043,2.6362640051957,"Columbus Blue Jackets","#002654","#CE1126"
8475753,"Justin.Faulk","https://a.espncdn.com/i/teamlogos/nhl/500/STL.png",210,34,27.9320516498701,6.06794835012988,"St. Louis Blues","#002F87","#FCB514"
8474602,"Justin.Schultz","https://a.espncdn.com/i/teamlogos/nhl/500/SEA.png",188,13,14.7277150912851,-1.72771509128506,"Seattle Kraken","#99D9D9","#001628"
8480817,"K'Andre.Miller","https://a.espncdn.com/i/teamlogos/nhl/500/NYR.png",210,21,13.9091889306437,7.09081106935628,"New York Rangers","#0038A8","#CE1126"
8481554,"Kaapo.Kakko","https://a.espncdn.com/i/teamlogos/nhl/500/NYR.png",161,33,30.5519256409898,2.44807435901021,"New York Rangers","#0038A8","#CE1126"
8479977,"Kailer.Yamamoto","https://a.espncdn.com/i/teamlogos/nhl/500/EDM.png",185,38,42.6394669742149,-4.63946697421488,"Edmonton Oilers","#FF4C00","#041E42"
8477953,"Kasperi.Kapanen","https://a.espncdn.com/i/teamlogos/nhl/500/STL.png",180,36,30.1427501041326,5.85724989586743,"St. Louis Blues","#002F87","#FCB514"
8478434,"Keegan.Kolesar","https://a.espncdn.com/i/teamlogos/nhl/500/VGK.png",192,18,25.0389788518078,-7.03897885180777,"Vegas Golden Knights","#B4975A","#333F42"
8482660,"Kent.Johnson","https://a.espncdn.com/i/teamlogos/nhl/500/CBJ.png",81,16,11.1431431939127,4.85685680608731,"Columbus Blue Jackets","#002654","#CE1126"
8477942,"Kevin.Fiala","https://a.espncdn.com/i/teamlogos/nhl/500/LA.png",200,75,69.4077623368598,5.5922376631402,"Los Angeles Kings","#111111","#A2AAAD"
8475763,"Kevin.Hayes","https://a.espncdn.com/i/teamlogos/nhl/500/PHI.png",180,40,43.4053464884055,-3.40534648840548,"Philadelphia Flyers","#F74902","#000000"
8478099,"Kevin.Labanc","https://a.espncdn.com/i/teamlogos/nhl/500/SJ.png",142,30,28.0172431414248,1.98275685857516,"San Jose Sharks","#006D75","#000000"
8479291,"Kevin.Rooney","https://a.espncdn.com/i/teamlogos/nhl/500/CGY.png",130,14,17.7332536865724,-3.73325368657243,"Calgary Flames","#C8102E","#F1BE48"
8474031,"Kevin.Shattenkirk","https://a.espncdn.com/i/teamlogos/nhl/500/ANA.png",206,14,17.6648030094802,-3.66480300948024,"Anaheim Ducks","#F47A38","#B9975B"
8478831,"Kevin.Stenlund","https://a.espncdn.com/i/teamlogos/nhl/500/WPG.png",83,10,11.8742159365356,-1.87421593653562,"Winnipeg Jets","#041E42","#AC162C"
8479356,"Kieffer.Bellows","https://a.espncdn.com/i/teamlogos/nhl/500/PHI.png",85,12,11.0519809642865,0.948019035713514,"Philadelphia Flyers","#F74902","#000000"
8481523,"Kirby.Dach",NA,145,25,31.2371233447338,-6.23712334473385,"Montréal Canadiens",NA,NA
8478864,"Kirill.Kaprizov","https://a.espncdn.com/i/teamlogos/nhl/500/MIN.png",199,113,79.3394033641671,33.6605966358329,"Minnesota Wild","#154734","#A6192E"
8480893,"Kirill.Marchenko","https://a.espncdn.com/i/teamlogos/nhl/500/CBJ.png",53,21,15.3912993273698,5.60870067263022,"Columbus Blue Jackets","#002654","#CE1126"
8480011,"Klim.Kostin","https://a.espncdn.com/i/teamlogos/nhl/500/EDM.png",94,15,9.46988467272604,5.53011532727396,"Edmonton Oilers","#FF4C00","#041E42"
8471724,"Kris.Letang","https://a.espncdn.com/i/teamlogos/nhl/500/PIT.png",192,27,24.6412439687701,2.35875603122986,"Pittsburgh Penguins","#FCB514","#000000"
8478398,"Kyle.Connor","https://a.espncdn.com/i/teamlogos/nhl/500/WPG.png",212,104,93.0281135459372,10.9718864540628,"Winnipeg Jets","#041E42","#AC162C"
8473449,"Kyle.Okposo","https://a.espncdn.com/i/teamlogos/nhl/500/BUF.png",177,34,34.7071969751269,-0.707196975126863,"Buffalo Sabres","#002654","#FCB514"
8475151,"Kyle.Palmieri","https://a.espncdn.com/i/teamlogos/nhl/500/NYI.png",170,40,46.7693125533697,-6.76931255336967,"New York Islanders","#00539B","#F47D30"
8474189,"Lars.Eller","https://a.espncdn.com/i/teamlogos/nhl/500/COL.png",194,31,31.1306116514315,-0.130611651431536,"Colorado Avalanche","#6F263D","#236192"
8478474,"Lawson.Crouse","https://a.espncdn.com/i/teamlogos/nhl/500/ARI.png",189,47,39.9095101336716,7.09048986632843,"Arizona Coyotes","#8C2633","#DDCBA4"
8477934,"Leon.Draisaitl","https://a.espncdn.com/i/teamlogos/nhl/500/EDM.png",212,134,91.9073479573417,42.0926520426583,"Edmonton Oilers","#FF4C00","#041E42"
8474053,"Logan.Couture","https://a.espncdn.com/i/teamlogos/nhl/500/SJ.png",207,67,60.9983652488154,6.00163475118461,"San Jose Sharks","#006D75","#000000"
8481186,"Logan.O'Connor","https://a.espncdn.com/i/teamlogos/nhl/500/COL.png",178,20,27.2489496707713,-7.24894967077125,"Colorado Avalanche","#6F263D","#236192"
8482078,"Lucas.Raymond","https://a.espncdn.com/i/teamlogos/nhl/500/DET.png",150,40,38.6399790464202,1.36002095357981,"Detroit Red Wings","#CE1126","#FFFFFF"
8476822,"Luke.Glendening","https://a.espncdn.com/i/teamlogos/nhl/500/DAL.png",203,18,26.5721519468061,-8.57215194680612,"Dallas Stars","#006847","#8F8F8C"
8479316,"Luke.Kunin","https://a.espncdn.com/i/teamlogos/nhl/500/SJ.png",151,28,27.8277972104552,0.172202789544826,"San Jose Sharks","#006D75","#000000"
8474568,"Luke.Schenn","https://a.espncdn.com/i/teamlogos/nhl/500/TOR.png",169,10,8.76958534844744,1.23041465155256,"Toronto Maple Leafs","#00205B","#FFFFFF"
8477346,"MacKenzie.Weegar","https://a.espncdn.com/i/teamlogos/nhl/500/CGY.png",210,18,22.2869854110977,-4.2869854110977,"Calgary Flames","#C8102E","#F1BE48"
8475220,"Marcus.Foligno","https://a.espncdn.com/i/teamlogos/nhl/500/MIN.png",170,40,26.970482877543,13.029517122457,"Minnesota Wild","#154734","#A6192E"
8475149,"Marcus.Johansson","https://a.espncdn.com/i/teamlogos/nhl/500/MIN.png",178,32,31.9430054317658,0.0569945682341633,"Minnesota Wild","#154734","#A6192E"
8470966,"Mark.Giordano","https://a.espncdn.com/i/teamlogos/nhl/500/TOR.png",205,21,16.7665491805528,4.23345081944717,"Toronto Maple Leafs","#00205B","#FFFFFF"
8476873,"Mark.Jankowski","https://a.espncdn.com/i/teamlogos/nhl/500/NSH.png",108,12,11.5724183887942,0.427581611205824,"Nashville Predators","#FFB81C","#041E42"
8476460,"Mark.Scheifele","https://a.espncdn.com/i/teamlogos/nhl/500/WPG.png",200,88,66.5434717821504,21.4565282178496,"Winnipeg Jets","#041E42","#AC162C"
8475913,"Mark.Stone","https://a.espncdn.com/i/teamlogos/nhl/500/VGK.png",135,47,42.9344732527702,4.06552674722982,"Vegas Golden Knights","#B4975A","#333F42"
8480796,"Martin.Fehervary","https://a.espncdn.com/i/teamlogos/nhl/500/WSH.png",141,14,10.9145959250454,3.08540407495457,"Washington Capitals","#C8102E","#041E42"
8480039,"Martin.Necas","https://a.espncdn.com/i/teamlogos/nhl/500/CAR.png",206,56,50.7270669175778,5.27293308242224,"Carolina Hurricanes","#CC0000","#000000"
8478891,"Mason.Appleton","https://a.espncdn.com/i/teamlogos/nhl/500/WPG.png",161,23,28.3492446169694,-5.34924461696937,"Winnipeg Jets","#041E42","#AC162C"
8478975,"Mason.Marchment","https://a.espncdn.com/i/teamlogos/nhl/500/DAL.png",153,31,38.385939448257,-7.38593944825698,"Dallas Stars","#006847","#8F8F8C"
8482745,"Mason.McTavish","https://a.espncdn.com/i/teamlogos/nhl/500/ANA.png",86,18,22.048608812358,-4.048608812358,"Anaheim Ducks","#F47A38","#B9975B"
8478445,"Mathew.Barzal","https://a.espncdn.com/i/teamlogos/nhl/500/NYI.png",184,46,52.5606866155867,-6.56068661558675,"New York Islanders","#00539B","#F47D30"
8478472,"Mathieu.Joseph","https://a.espncdn.com/i/teamlogos/nhl/500/OTT.png",173,27,24.55231298125,2.44768701875,"Ottawa Senators","#C52032","#C2912C"
8473618,"Mathieu.Perreault",NA,79,13,12.4441595037642,0.55584049623576,"Montréal Canadiens",NA,NA
8481711,"Matias.Maccelli","https://a.espncdn.com/i/teamlogos/nhl/500/ARI.png",81,11,9.7229726476362,1.2770273523638,"Arizona Coyotes","#8C2633","#DDCBA4"
8475692,"Mats.Zuccarello","https://a.espncdn.com/i/teamlogos/nhl/500/MIN.png",186,57,41.8533723481087,15.1466276518913,"Minnesota Wild","#154734","#A6192E"
8481557,"Matt.Boldy","https://a.espncdn.com/i/teamlogos/nhl/500/MIN.png",123,44,38.4498430828098,5.55015691719018,"Minnesota Wild","#154734","#A6192E"
8475168,"Matt.Duchene","https://a.espncdn.com/i/teamlogos/nhl/500/NSH.png",182,71,63.5275848618789,7.47241513812108,"Nashville Predators","#FFB81C","#041E42"
8476856,"Matt.Dumba","https://a.espncdn.com/i/teamlogos/nhl/500/MIN.png",181,17,18.9234470770243,-1.92344707702432,"Minnesota Wild","#154734","#A6192E"
8476891,"Matt.Grzelcyk","https://a.espncdn.com/i/teamlogos/nhl/500/BOS.png",178,13,11.8442925929994,1.15570740700059,"Boston Bruins","#FFB81C","#000000"
8474709,"Matt.Martin","https://a.espncdn.com/i/teamlogos/nhl/500/NYI.png",201,16,21.0365765343304,-5.03657653433038,"New York Islanders","#00539B","#F47D30"
8476442,"Matt.Nieto","https://a.espncdn.com/i/teamlogos/nhl/500/COL.png",169,23,26.5566042046121,-3.55660420461209,"Colorado Avalanche","#6F263D","#236192"
8478911,"Matt.Roy","https://a.espncdn.com/i/teamlogos/nhl/500/LA.png",188,13,16.7443290046067,-3.7443290046067,"Los Angeles Kings","#111111","#A2AAAD"
8479314,"Matthew.Tkachuk","https://a.espncdn.com/i/teamlogos/nhl/500/FLA.png",213,97,100.070307322632,-3.07030732263229,"Florida Panthers","#041E42","#C8102E"
8475218,"Mattias.Ekholm","https://a.espncdn.com/i/teamlogos/nhl/500/EDM.png",198,20,22.0572953657538,-2.05729536575382,"Edmonton Oilers","#FF4C00","#041E42"
8477406,"Mattias.Janmark","https://a.espncdn.com/i/teamlogos/nhl/500/EDM.png",178,27,33.3351909872749,-6.3351909872749,"Edmonton Oilers","#FF4C00","#041E42"
8482665,"Matty.Beniers","https://a.espncdn.com/i/teamlogos/nhl/500/SEA.png",86,26,21.48726466074,4.51273533925996,"Seattle Kraken","#99D9D9","#001628"
8480031,"Max.Comtois","https://a.espncdn.com/i/teamlogos/nhl/500/ANA.png",168,31,30.9228890031809,0.0771109968191013,"Anaheim Ducks","#F47A38","#B9975B"
8477503,"Max.Domi","https://a.espncdn.com/i/teamlogos/nhl/500/DAL.png",201,40,41.2401608135988,-1.24016081359878,"Dallas Stars","#006847","#8F8F8C"
8479368,"Max.Jones","https://a.espncdn.com/i/teamlogos/nhl/500/ANA.png",112,14,18.7167211452615,-4.71672114526154,"Anaheim Ducks","#F47A38","#B9975B"
8474157,"Max.Pacioretty","https://a.espncdn.com/i/teamlogos/nhl/500/CAR.png",91,46,34.4061436060583,11.5938563939417,"Carolina Hurricanes","#CC0000","#000000"
8478020,"Michael.Amadio","https://a.espncdn.com/i/teamlogos/nhl/500/VGK.png",143,25,20.3396584796137,4.66034152038628,"Vegas Golden Knights","#B4975A","#333F42"
8478047,"Michael.Bunting","https://a.espncdn.com/i/teamlogos/nhl/500/TOR.png",176,55,52.4964507786085,2.50354922139152,"Toronto Maple Leafs","#00205B","#FFFFFF"
8479415,"Michael.McLeod","https://a.espncdn.com/i/teamlogos/nhl/500/NJD.png",208,19,25.8003678233945,-6.80036782339448,"New Jersey Devils","#CE1126","#000000"
8479543,"Michael.Pezzetta",NA,111,11,12.6417796577152,-1.64177965771523,"Montréal Canadiens",NA,NA
8477290,"Michael.Raffl","https://a.espncdn.com/i/teamlogos/nhl/500/DAL.png",120,11,16.0034754878165,-5.00347548781653,"Dallas Stars","#006847","#8F8F8C"
8479992,"Michael.Rasmussen","https://a.espncdn.com/i/teamlogos/nhl/500/DET.png",175,28,40.0051095883828,-12.0051095883828,"Detroit Red Wings","#CE1126","#FFFFFF"
8474628,"Michael.Stone","https://a.espncdn.com/i/teamlogos/nhl/500/CGY.png",78,10,5.32170347799547,4.67829652200453,"Calgary Flames","#C8102E","#F1BE48"
8476459,"Mika.Zibanejad","https://a.espncdn.com/i/teamlogos/nhl/500/NYR.png",215,92,73.2699632768054,18.7300367231946,"New York Rangers","#0038A8","#CE1126"
8474150,"Mikael.Backlund","https://a.espncdn.com/i/teamlogos/nhl/500/CGY.png",213,39,60.3016453237797,-21.3016453237797,"Calgary Flames","#C8102E","#F1BE48"
8475798,"Mikael.Granlund","https://a.espncdn.com/i/teamlogos/nhl/500/PIT.png",206,34,39.583126256679,-5.58312625667895,"Pittsburgh Penguins","#FCB514","#000000"
8474884,"Mike.Hoffman",NA,184,46,39.4021250069804,6.59787499301959,"Montréal Canadiens",NA,NA
8476875,"Mike.Matheson",NA,162,24,19.7769513709936,4.22304862900637,"Montréal Canadiens",NA,NA
8479410,"Mikhail.Sergachev","https://a.espncdn.com/i/teamlogos/nhl/500/TB.png",209,20,19.6151953146473,0.384804685352719,"Tampa Bay Lightning","#002868","#FFFFFF"
8478420,"Mikko.Rantanen","https://a.espncdn.com/i/teamlogos/nhl/500/COL.png",202,118,86.1325437768246,31.8674562231754,"Colorado Avalanche","#6F263D","#236192"
8473473,"Milan.Lucic","https://a.espncdn.com/i/teamlogos/nhl/500/CGY.png",208,27,27.2674656155868,-0.267465615586843,"Calgary Flames","#C8102E","#F1BE48"
8477425,"Miles.Wood","https://a.espncdn.com/i/teamlogos/nhl/500/NJD.png",131,28,28.06831801308,-0.0683180130799883,"New Jersey Devils","#CE1126","#000000"
8480036,"Miro.Heiskanen","https://a.espncdn.com/i/teamlogos/nhl/500/DAL.png",198,23,33.5393900155905,-10.5393900155905,"Dallas Stars","#006847","#8F8F8C"
8478483,"Mitchell.Marner","https://a.espncdn.com/i/teamlogos/nhl/500/TOR.png",203,83,68.9981532944366,14.0018467055634,"Toronto Maple Leafs","#00205B","#FFFFFF"
8480289,"Morgan.Barron","https://a.espncdn.com/i/teamlogos/nhl/500/WPG.png",97,10,16.1101347533426,-6.11013475334263,"Winnipeg Jets","#041E42","#AC162C"
8480028,"Morgan.Frost","https://a.espncdn.com/i/teamlogos/nhl/500/PHI.png",134,24,26.1236866808322,-2.12368668083218,"Philadelphia Flyers","#F74902","#000000"
8479987,"Morgan.Geekie","https://a.espncdn.com/i/teamlogos/nhl/500/SEA.png",175,18,21.8596007262531,-3.85960072625312,"Seattle Kraken","#99D9D9","#001628"
8476853,"Morgan.Rielly","https://a.espncdn.com/i/teamlogos/nhl/500/TOR.png",197,19,22.507230222116,-3.50723022211605,"Toronto Maple Leafs","#00205B","#FFFFFF"
8481542,"Moritz.Seider","https://a.espncdn.com/i/teamlogos/nhl/500/DET.png",159,12,15.0598466541196,-3.05984665411961,"Detroit Red Wings","#CE1126","#FFFFFF"
8477220,"Nate.Schmidt","https://a.espncdn.com/i/teamlogos/nhl/500/WPG.png",194,16,14.8275963472843,1.17240365271573,"Winnipeg Jets","#041E42","#AC162C"
8479414,"Nathan.Bastian","https://a.espncdn.com/i/teamlogos/nhl/500/NJD.png",150,21,26.6029080258741,-5.60290802587406,"New Jersey Devils","#CE1126","#000000"
8477492,"Nathan.MacKinnon","https://a.espncdn.com/i/teamlogos/nhl/500/COL.png",178,89,81.2906396026105,7.70936039738947,"Colorado Avalanche","#6F263D","#236192"
8477573,"Nathan.Walker","https://a.espncdn.com/i/teamlogos/nhl/500/STL.png",90,11,9.29519276390783,1.70480723609217,"St. Louis Blues","#002F87","#FCB514"
8475172,"Nazem.Kadri","https://a.espncdn.com/i/teamlogos/nhl/500/CGY.png",204,62,73.140416259128,-11.140416259128,"Calgary Flames","#C8102E","#F1BE48"
8480145,"Neal.Pionk","https://a.espncdn.com/i/teamlogos/nhl/500/WPG.png",207,15,17.2347258393638,-2.23472583936382,"Winnipeg Jets","#041E42","#AC162C"
8475343,"Nic.Dowd","https://a.espncdn.com/i/teamlogos/nhl/500/WSH.png",182,34,26.5909610069648,7.40903899303521,"Washington Capitals","#C8102E","#041E42"
8477426,"Nicholas.Paul","https://a.espncdn.com/i/teamlogos/nhl/500/TB.png",97,23,18.3712056551012,4.62879434489878,"Tampa Bay Lightning","#002868","#FFFFFF"
8475760,"Nick.Bjugstad","https://a.espncdn.com/i/teamlogos/nhl/500/EDM.png",174,29,31.1741512708832,-2.17415127088316,"Edmonton Oilers","#FF4C00","#041E42"
8474009,"Nick.Bonino","https://a.espncdn.com/i/teamlogos/nhl/500/PIT.png",193,36,34.3542554711166,1.64574452888337,"Pittsburgh Penguins","#FCB514","#000000"
8476393,"Nick.Cousins","https://a.espncdn.com/i/teamlogos/nhl/500/FLA.png",192,23,26.8449870966724,-3.84498709667241,"Florida Panthers","#041E42","#C8102E"
8473422,"Nick.Foligno","https://a.espncdn.com/i/teamlogos/nhl/500/BOS.png",173,19,25.8926448426791,-6.89264484267915,"Boston Bruins","#FFB81C","#000000"
8475324,"Nick.Jensen","https://a.espncdn.com/i/teamlogos/nhl/500/WSH.png",198,11,11.0022417131258,-0.00224171312584076,"Washington Capitals","#C8102E","#041E42"
8477426,"Nick.Paul","https://a.espncdn.com/i/teamlogos/nhl/500/OTT.png",114,15,21.2360789954546,-6.23607899545459,"Ottawa Senators","#C52032","#C2912C"
8477941,"Nick.Ritchie","https://a.espncdn.com/i/teamlogos/nhl/500/CGY.png",182,40,40.0349063866888,-0.0349063866888173,"Calgary Flames","#C8102E","#F1BE48"
8477951,"Nick.Schmaltz","https://a.espncdn.com/i/teamlogos/nhl/500/ARI.png",174,54,43.7984151720011,10.2015848279989,"Arizona Coyotes","#8C2633","#DDCBA4"
8480018,"Nick.Suzuki",NA,217,60,48.999343106906,11.000656893094,"Montréal Canadiens",NA,NA
8473563,"Nicklas.Backstrom","https://a.espncdn.com/i/teamlogos/nhl/500/WSH.png",136,28,25.2137124576839,2.78628754231613,"Washington Capitals","#C8102E","#041E42"
8480002,"Nico.Hischier","https://a.espncdn.com/i/teamlogos/nhl/500/NJD.png",169,58,64.5591452373774,-6.55914523737738,"New Jersey Devils","#CE1126","#000000"
8481477,"Nico.Sturm","https://a.espncdn.com/i/teamlogos/nhl/500/SJ.png",192,33,30.539512891788,2.46048710821196,"San Jose Sharks","#006D75","#000000"
8477979,"Nicolas.Aube.Kubel","https://a.espncdn.com/i/teamlogos/nhl/500/WSH.png",170,17,20.5256180381548,-3.52561803815479,"Washington Capitals","#C8102E","#041E42"
8475235,"Nicolas.Deslauriers","https://a.espncdn.com/i/teamlogos/nhl/500/PHI.png",206,19,23.2591440548422,-4.25914405484218,"Philadelphia Flyers","#F74902","#000000"
8479980,"Nicolas.Hague","https://a.espncdn.com/i/teamlogos/nhl/500/VGK.png",182,12,13.3163327109796,-1.31633271097962,"Vegas Golden Knights","#B4975A","#333F42"
8478462,"Nicolas.Roy","https://a.espncdn.com/i/teamlogos/nhl/500/VGK.png",190,35,43.8885008408688,-8.8885008408688,"Vegas Golden Knights","#B4975A","#333F42"
8476453,"Nikita.Kucherov","https://a.espncdn.com/i/teamlogos/nhl/500/TB.png",124,55,45.4454153267725,9.55458467322751,"Tampa Bay Lightning","#002868","#FFFFFF"
8477507,"Nikita.Zadorov","https://a.espncdn.com/i/teamlogos/nhl/500/CGY.png",206,16,13.0705751189962,2.9294248810038,"Calgary Flames","#C8102E","#F1BE48"
8477940,"Nikolaj.Ehlers","https://a.espncdn.com/i/teamlogos/nhl/500/WPG.png",150,61,50.6373831009427,10.3626168990573,"Winnipeg Jets","#041E42","#AC162C"
8481535,"Nils.Hoglander","https://a.espncdn.com/i/teamlogos/nhl/500/VAN.png",138,26,29.8958509690419,-3.89585096904193,"Vancouver Canucks","#00205B","#00843D"
8475799,"Nino.Niederreiter","https://a.espncdn.com/i/teamlogos/nhl/500/WPG.png",204,68,59.8596409269885,8.1403590730115,"Winnipeg Jets","#041E42","#AC162C"
8480220,"Noah.Cates","https://a.espncdn.com/i/teamlogos/nhl/500/PHI.png",94,17,17.5669701560983,-0.56697015609825,"Philadelphia Flyers","#F74902","#000000"
8480865,"Noah.Dobson","https://a.espncdn.com/i/teamlogos/nhl/500/NYI.png",197,29,22.6167472770612,6.38325272293878,"New York Islanders","#00539B","#F47D30"
8479393,"Noah.Gregor","https://a.espncdn.com/i/teamlogos/nhl/500/SJ.png",145,21,27.8376795716176,-6.83767957161763,"San Jose Sharks","#006D75","#000000"
8478396,"Noah.Hanifin","https://a.espncdn.com/i/teamlogos/nhl/500/CGY.png",203,21,22.6744786946242,-1.67447869462418,"Calgary Flames","#C8102E","#F1BE48"
8478569,"Noel.Acciari","https://a.espncdn.com/i/teamlogos/nhl/500/TOR.png",133,20,28.0188062699453,-8.01880626994534,"Toronto Maple Leafs","#00205B","#FFFFFF"
8477416,"Oliver.Bjorkstrand","https://a.espncdn.com/i/teamlogos/nhl/500/SEA.png",213,65,57.3116368830838,7.68836311691624,"Seattle Kraken","#99D9D9","#001628"
8475171,"Oliver.Ekman.Larsson","https://a.espncdn.com/i/teamlogos/nhl/500/VAN.png",178,10,12.8151290405076,-2.8151290405076,"Vancouver Canucks","#00205B","#00843D"
8480789,"Oliver.Wahlstrom","https://a.espncdn.com/i/teamlogos/nhl/500/NYI.png",151,32,32.1098180536792,-0.109818053679192,"New York Islanders","#00539B","#F47D30"
8478131,"Ondrej.Kase","https://a.espncdn.com/i/teamlogos/nhl/500/CAR.png",54,14,12.9145952730178,1.08540472698223,"Carolina Hurricanes","#CC0000","#000000"
8476292,"Ondrej.Palat","https://a.espncdn.com/i/teamlogos/nhl/500/NJD.png",178,41,40.3208919854369,0.679108014563099,"New Jersey Devils","#CE1126","#000000"
8478067,"Oskar.Lindblom","https://a.espncdn.com/i/teamlogos/nhl/500/SJ.png",194,26,26.998150755302,-0.998150755302049,"San Jose Sharks","#006D75","#000000"
8476897,"Oskar.Sundqvist","https://a.espncdn.com/i/teamlogos/nhl/500/MIN.png",149,22,23.531149406379,-1.53114940637897,"Minnesota Wild","#154734","#A6192E"
8480015,"Owen.Tippett","https://a.espncdn.com/i/teamlogos/nhl/500/PHI.png",181,40,46.7097930088639,-6.70979300886393,"Philadelphia Flyers","#F74902","#000000"
8474056,"P.K..Subban","https://a.espncdn.com/i/teamlogos/nhl/500/NJD.png",121,10,9.28298587743484,0.717014122565161,"New Jersey Devils","#CE1126","#000000"
8474034,"Pat.Maroon","https://a.espncdn.com/i/teamlogos/nhl/500/TB.png",208,20,25.0511035167729,-5.05110351677286,"Tampa Bay Lightning","#002868","#FFFFFF"
8471887,"Patric.Hornqvist","https://a.espncdn.com/i/teamlogos/nhl/500/FLA.png",129,26,44.1714616494428,-18.1714616494428,"Florida Panthers","#041E42","#C8102E"
8470638,"Patrice.Bergeron","https://a.espncdn.com/i/teamlogos/nhl/500/BOS.png",201,74,83.8717217701342,-9.87172177013417,"Boston Bruins","#FFB81C","#000000"
8474141,"Patrick.Kane","https://a.espncdn.com/i/teamlogos/nhl/500/NYR.png",203,62,62.1523559828078,-0.152355982807848,"New York Rangers","#0038A8","#CE1126"
8479339,"Patrik.Laine","https://a.espncdn.com/i/teamlogos/nhl/500/CBJ.png",156,59,39.165232409141,19.834767590859,"Columbus Blue Jackets","#002654","#CE1126"
8481032,"Paul.Cotter","https://a.espncdn.com/i/teamlogos/nhl/500/VGK.png",60,15,10.5249252198264,4.4750747801736,"Vegas Golden Knights","#B4975A","#333F42"
8471669,"Paul.Stastny","https://a.espncdn.com/i/teamlogos/nhl/500/CAR.png",196,43,50.6652375145568,-7.66523751455679,"Carolina Hurricanes","#CC0000","#000000"
8477402,"Pavel.Buchnevich","https://a.espncdn.com/i/teamlogos/nhl/500/STL.png",186,75,53.2877294076724,21.7122705923276,"St. Louis Blues","#002F87","#FCB514"
8478401,"Pavel.Zacha","https://a.espncdn.com/i/teamlogos/nhl/500/BOS.png",195,50,45.3594979101617,4.64050208983826,"Boston Bruins","#FFB81C","#000000"
8481522,"Peyton.Krebs","https://a.espncdn.com/i/teamlogos/nhl/500/BUF.png",125,15,14.6711908132297,0.328809186770316,"Buffalo Sabres","#002654","#FCB514"
8473548,"Phil.Kessel","https://a.espncdn.com/i/teamlogos/nhl/500/VGK.png",216,42,42.5430725773331,-0.543072577333078,"Vegas Golden Knights","#B4975A","#333F42"
8481577,"Philip.Tomasino","https://a.espncdn.com/i/teamlogos/nhl/500/NSH.png",101,15,15.9366083432105,-0.936608343210537,"Nashville Predators","#FFB81C","#041E42"
8480798,"Philipp.Kurashev","https://a.espncdn.com/i/teamlogos/nhl/500/CHI.png",182,23,29.577761899156,-6.57776189915603,"Chicago Blackhawks","#CF0A2C","#000000"
8476479,"Phillip.Danault","https://a.espncdn.com/i/teamlogos/nhl/500/LA.png",209,50,49.9568968657113,0.0431031342886854,"Los Angeles Kings","#111111","#A2AAAD"
8477930,"Pierre.Edouard.Bellemare","https://a.espncdn.com/i/teamlogos/nhl/500/TB.png",201,22,20.7883893801773,1.21161061982275,"Tampa Bay Lightning","#002868","#FFFFFF"
8478115,"Pierre.Engvall","https://a.espncdn.com/i/teamlogos/nhl/500/NYI.png",191,39,35.3265368268185,3.67346317318152,"New York Islanders","#00539B","#F47D30"
8479400,"Pierre.Luc.Dubois","https://a.espncdn.com/i/teamlogos/nhl/500/WPG.png",197,63,68.0368006817029,-5.03680068170294,"Winnipeg Jets","#041E42","#AC162C"
8480459,"Pius.Suter","https://a.espncdn.com/i/teamlogos/nhl/500/DET.png",210,42,47.6702172891819,-5.67021728918189,"Detroit Red Wings","#CE1126","#FFFFFF"
8480800,"Quinn.Hughes","https://a.espncdn.com/i/teamlogos/nhl/500/VAN.png",205,18,20.1165010344725,-2.11650103447252,"Vancouver Canucks","#00205B","#00843D"
8476889,"Radek.Faksa","https://a.espncdn.com/i/teamlogos/nhl/500/DAL.png",208,21,29.6958101568744,-8.69581015687436,"Dallas Stars","#006847","#8F8F8C"
8481093,"Rafael.Harvey.Pinard",NA,37,15,12.2212238112697,2.77877618873026,"Montréal Canadiens",NA,NA
8478397,"Rasmus.Andersson","https://a.espncdn.com/i/teamlogos/nhl/500/CGY.png",212,20,24.4134612767521,-4.41346127675206,"Calgary Flames","#C8102E","#F1BE48"
8479335,"Rasmus.Asplund","https://a.espncdn.com/i/teamlogos/nhl/500/NSH.png",138,17,22.6413519148482,-5.6413519148482,"Nashville Predators","#FFB81C","#041E42"
8480839,"Rasmus.Dahlin","https://a.espncdn.com/i/teamlogos/nhl/500/BUF.png",208,32,27.606343377498,4.39365662250202,"Buffalo Sabres","#002654","#FCB514"
8480873,"Rasmus.Sandin","https://a.espncdn.com/i/teamlogos/nhl/500/WSH.png",126,10,6.42727986580576,3.57272013419424,"Washington Capitals","#C8102E","#041E42"
8475191,"Reilly.Smith","https://a.espncdn.com/i/teamlogos/nhl/500/VGK.png",184,54,57.8782342442159,-3.87823424421592,"Vegas Golden Knights","#B4975A","#333F42"
8479514,"Rem.Pitlick",NA,114,20,16.0853595854446,3.91464041455541,"Montréal Canadiens",NA,NA
8476483,"Rickard.Rakell","https://a.espncdn.com/i/teamlogos/nhl/500/PIT.png",200,57,64.5878832714807,-7.58788327148068,"Pittsburgh Penguins","#FCB514","#000000"
8477952,"Robby.Fabbri","https://a.espncdn.com/i/teamlogos/nhl/500/DET.png",113,34,26.6598259336315,7.34017406636849,"Detroit Red Wings","#CE1126","#FFFFFF"
8480023,"Robert.Thomas","https://a.espncdn.com/i/teamlogos/nhl/500/STL.png",174,39,32.5431325316167,6.45686746838328,"St. Louis Blues","#002F87","#FCB514"
8476428,"Rocco.Grimaldi","https://a.espncdn.com/i/teamlogos/nhl/500/NSH.png",45,10,5.93281751198811,4.06718248801189,"Nashville Predators","#FFB81C","#041E42"
8474600,"Roman.Josi","https://a.espncdn.com/i/teamlogos/nhl/500/NSH.png",194,49,43.9526059123455,5.04739408765454,"Nashville Predators","#FFB81C","#041E42"
8478449,"Roope.Hintz","https://a.espncdn.com/i/teamlogos/nhl/500/DAL.png",189,87,65.4948054427514,21.5051945572486,"Dallas Stars","#006847","#8F8F8C"
8479525,"Ross.Colton","https://a.espncdn.com/i/teamlogos/nhl/500/TB.png",185,47,42.2084385997441,4.79156140025589,"Tampa Bay Lightning","#002868","#FFFFFF"
8478870,"Rudolfs.Balcers","https://a.espncdn.com/i/teamlogos/nhl/500/TB.png",116,22,24.5499000164855,-2.54990001648548,"Tampa Bay Lightning","#002868","#FFFFFF"
8477987,"Ryan.Donato","https://a.espncdn.com/i/teamlogos/nhl/500/SEA.png",189,36,39.9528170385165,-3.95281703851651,"Seattle Kraken","#99D9D9","#001628"
8476288,"Ryan.Dzingel","https://a.espncdn.com/i/teamlogos/nhl/500/SJ.png",70,13,8.58708606305299,4.41291393694701,"San Jose Sharks","#006D75","#000000"
8477435,"Ryan.Graves","https://a.espncdn.com/i/teamlogos/nhl/500/NJD.png",203,16,15.9209537882998,0.079046211700188,"New Jersey Devils","#CE1126","#000000"
8477451,"Ryan.Hartman","https://a.espncdn.com/i/teamlogos/nhl/500/MIN.png",187,55,46.5407846585877,8.45921534141235,"Minnesota Wild","#154734","#A6192E"
8475793,"Ryan.Johansen","https://a.espncdn.com/i/teamlogos/nhl/500/NSH.png",182,45,36.4398529198952,8.5601470801048,"Nashville Predators","#FFB81C","#041E42"
8479066,"Ryan.Lomberg","https://a.espncdn.com/i/teamlogos/nhl/500/FLA.png",164,22,26.0196504484629,-4.01965044846293,"Florida Panthers","#041E42","#C8102E"
8474151,"Ryan.McDonagh","https://a.espncdn.com/i/teamlogos/nhl/500/NSH.png",186,10,15.3948599244759,-5.3948599244759,"Nashville Predators","#FFB81C","#041E42"
8480802,"Ryan.McLeod","https://a.espncdn.com/i/teamlogos/nhl/500/EDM.png",135,20,17.6563784985046,2.34362150149536,"Edmonton Oilers","#FF4C00","#041E42"
8476454,"Ryan.Nugent.Hopkins","https://a.espncdn.com/i/teamlogos/nhl/500/EDM.png",193,63,62.3526391822961,0.647360817703884,"Edmonton Oilers","#FF4C00","#041E42"
8475158,"Ryan.O'Reilly","https://a.espncdn.com/i/teamlogos/nhl/500/TOR.png",182,60,50.0372962472902,9.96270375270979,"Toronto Maple Leafs","#00205B","#FFFFFF"
8480068,"Ryan.Poehling","https://a.espncdn.com/i/teamlogos/nhl/500/PIT.png",107,16,17.1666937046102,-1.16669370461022,"Pittsburgh Penguins","#FCB514","#000000"
8477506,"Ryan.Pulock","https://a.espncdn.com/i/teamlogos/nhl/500/NYI.png",189,12,16.9619725447847,-4.96197254478466,"New York Islanders","#00539B","#F47D30"
8471817,"Ryan.Reaves","https://a.espncdn.com/i/teamlogos/nhl/500/MIN.png",172,11,11.9579067246232,-0.957906724623172,"Minnesota Wild","#154734","#A6192E"
8476458,"Ryan.Strome","https://a.espncdn.com/i/teamlogos/nhl/500/ANA.png",208,49,49.737596032006,-0.737596032005968,"Anaheim Ducks","#F47A38","#B9975B"
8470600,"Ryan.Suter","https://a.espncdn.com/i/teamlogos/nhl/500/DAL.png",215,13,12.9004530791135,0.0995469208864961,"Dallas Stars","#006847","#8F8F8C"
8477935,"Sam.Bennett","https://a.espncdn.com/i/teamlogos/nhl/500/FLA.png",181,53,63.0620606951998,-10.0620606951998,"Florida Panthers","#041E42","#C8102E"
8475842,"Sam.Carrick","https://a.espncdn.com/i/teamlogos/nhl/500/ANA.png",127,16,15.1058584981874,0.894141501812555,"Anaheim Ducks","#F47A38","#B9975B"
8474040,"Sam.Gagner","https://a.espncdn.com/i/teamlogos/nhl/500/WPG.png",170,28,32.3071944812546,-4.30719448125456,"Winnipeg Jets","#041E42","#AC162C"
8478043,"Sam.Lafferty","https://a.espncdn.com/i/teamlogos/nhl/500/TOR.png",158,17,21.2792703683517,-4.27927036835172,"Toronto Maple Leafs","#00205B","#FFFFFF"
8477933,"Sam.Reinhart","https://a.espncdn.com/i/teamlogos/nhl/500/FLA.png",210,88,76.4987879515393,11.5012120484607,"Florida Panthers","#041E42","#C8102E"
8479351,"Sam.Steel","https://a.espncdn.com/i/teamlogos/nhl/500/MIN.png",168,21,21.939202049165,-0.939202049165033,"Minnesota Wild","#154734","#A6192E"
8478104,"Sammy.Blais","https://a.espncdn.com/i/teamlogos/nhl/500/STL.png",116,16,12.9518367688579,3.0481632311421,"St. Louis Blues","#002F87","#FCB514"
8479398,"Samuel.Girard","https://a.espncdn.com/i/teamlogos/nhl/500/COL.png",181,15,11.5968884126414,3.40311158735858,"Colorado Avalanche","#6F263D","#236192"
8476872,"Scott.Laughton","https://a.espncdn.com/i/teamlogos/nhl/500/PHI.png",194,38,37.2070861790585,0.79291382094155,"Philadelphia Flyers","#F74902","#000000"
8476429,"Scott.Mayfield","https://a.espncdn.com/i/teamlogos/nhl/500/NYI.png",194,10,11.613636057722,-1.61363605772203,"New York Islanders","#00539B","#F47D30"
8476461,"Sean.Couturier","https://a.espncdn.com/i/teamlogos/nhl/500/PHI.png",74,24,23.4640821868379,0.535917813162087,"Philadelphia Flyers","#F74902","#000000"
8480434,"Sean.Durzi","https://a.espncdn.com/i/teamlogos/nhl/500/LA.png",132,12,12.0056478526385,-0.00564785263850354,"Los Angeles Kings","#111111","#A2AAAD"
8476374,"Sean.Kuraly","https://a.espncdn.com/i/teamlogos/nhl/500/CBJ.png",191,28,31.1637460153943,-3.16374601539428,"Columbus Blue Jackets","#002654","#CE1126"
8477497,"Sean.Monahan",NA,140,24,35.3105399553315,-11.3105399553315,"Montréal Canadiens",NA,NA
8478427,"Sebastian.Aho","https://a.espncdn.com/i/teamlogos/nhl/500/CAR.png",206,95,83.5483556309773,11.4516443690227,"Carolina Hurricanes","#CC0000","#000000"
8482093,"Seth.Jarvis","https://a.espncdn.com/i/teamlogos/nhl/500/CAR.png",145,30,36.8215256523713,-6.82152565237126,"Carolina Hurricanes","#CC0000","#000000"
8477495,"Seth.Jones","https://a.espncdn.com/i/teamlogos/nhl/500/CHI.png",201,19,27.4516780395229,-8.45167803952287,"Chicago Blackhawks","#CF0A2C","#000000"
8481596,"Shane.Pinto","https://a.espncdn.com/i/teamlogos/nhl/500/OTT.png",94,21,22.5308570078923,-1.53085700789234,"Ottawa Senators","#C52032","#C2912C"
8476906,"Shayne.Gostisbehere","https://a.espncdn.com/i/teamlogos/nhl/500/CAR.png",194,35,22.5294988133537,12.4705011866463,"Carolina Hurricanes","#CC0000","#000000"
8477447,"Shea.Theodore","https://a.espncdn.com/i/teamlogos/nhl/500/VGK.png",185,30,29.352585419605,0.64741458039498,"Vegas Golden Knights","#B4975A","#333F42"
8480326,"Sheldon.Dries","https://a.espncdn.com/i/teamlogos/nhl/500/VAN.png",72,13,11.2950122545299,1.70498774547013,"Vancouver Canucks","#00205B","#00843D"
8471675,"Sidney.Crosby","https://a.espncdn.com/i/teamlogos/nhl/500/PIT.png",202,86,78.1418344714111,7.85816552858887,"Pittsburgh Penguins","#FCB514","#000000"
8477947,"Sonny.Milano","https://a.espncdn.com/i/teamlogos/nhl/500/WSH.png",128,25,20.0868030355632,4.91319696443679,"Washington Capitals","#C8102E","#041E42"
8476474,"Stefan.Noesen","https://a.espncdn.com/i/teamlogos/nhl/500/CAR.png",82,12,19.202787302524,-7.202787302524,"Carolina Hurricanes","#CC0000","#000000"
8478904,"Steven.Lorentz","https://a.espncdn.com/i/teamlogos/nhl/500/SJ.png",187,19,27.1604519766843,-8.16045197668427,"San Jose Sharks","#006D75","#000000"
8474564,"Steven.Stamkos","https://a.espncdn.com/i/teamlogos/nhl/500/TB.png",195,92,71.9594906146231,20.0405093853769,"Tampa Bay Lightning","#002868","#FFFFFF"
8471698,"T.J..Oshie","https://a.espncdn.com/i/teamlogos/nhl/500/WSH.png",152,51,41.2105456203572,9.78945437964285,"Washington Capitals","#C8102E","#041E42"
8479420,"Tage.Thompson","https://a.espncdn.com/i/teamlogos/nhl/500/BUF.png",189,90,67.0233913604607,22.9766086395393,"Buffalo Sabres","#002654","#FCB514"
8479661,"Tanner.Jeannot","https://a.espncdn.com/i/teamlogos/nhl/500/TB.png",170,35,32.091039513034,2.90896048696595,"Tampa Bay Lightning","#002868","#FFFFFF"
8476871,"Tanner.Pearson","https://a.espncdn.com/i/teamlogos/nhl/500/VAN.png",133,25,33.7891485792934,-8.7891485792934,"Vancouver Canucks","#00205B","#00843D"
8475791,"Taylor.Hall","https://a.espncdn.com/i/teamlogos/nhl/500/BOS.png",192,46,54.2525978252256,-8.25259782522559,"Boston Bruins","#FFB81C","#000000"
8479390,"Taylor.Raddysh","https://a.espncdn.com/i/teamlogos/nhl/500/CHI.png",147,31,31.1629696378077,-0.162969637807691,"Chicago Blackhawks","#CF0A2C","#000000"
8476927,"Teddy.Blueger","https://a.espncdn.com/i/teamlogos/nhl/500/VGK.png",168,20,25.6230243256745,-5.62302432567455,"Vegas Golden Knights","#B4975A","#333F42"
8476882,"Teuvo.Teravainen","https://a.espncdn.com/i/teamlogos/nhl/500/CAR.png",162,39,41.2477787469834,-2.24777874698339,"Carolina Hurricanes","#CC0000","#000000"
8478469,"Thomas.Chabot","https://a.espncdn.com/i/teamlogos/nhl/500/OTT.png",175,24,24.4711316093599,-0.471131609359873,"Ottawa Senators","#C52032","#C2912C"
8482116,"Tim.Stützle","https://a.espncdn.com/i/teamlogos/nhl/500/OTT.png",206,69,66.0874102031812,2.91258979681879,"Ottawa Senators","#C52032","#C2912C"
8478414,"Timo.Meier","https://a.espncdn.com/i/teamlogos/nhl/500/NJD.png",206,87,81.3673570643587,5.63264293564134,"New Jersey Devils","#CE1126","#000000"
8480043,"Timothy.Liljegren","https://a.espncdn.com/i/teamlogos/nhl/500/TOR.png",123,10,7.47221106366487,2.52778893633513,"Toronto Maple Leafs","#00205B","#FFFFFF"
8476880,"Tom.Wilson","https://a.espncdn.com/i/teamlogos/nhl/500/WSH.png",153,46,39.6209635686828,6.37903643131722,"Washington Capitals","#C8102E","#041E42"
8476881,"Tomas.Hertl","https://a.espncdn.com/i/teamlogos/nhl/500/SJ.png",206,69,68.535500214537,0.464499785462976,"San Jose Sharks","#006D75","#000000"
8477931,"Tomas.Nosek","https://a.espncdn.com/i/teamlogos/nhl/500/BOS.png",175,16,23.2384610699373,-7.23846106993733,"Boston Bruins","#FFB81C","#000000"
8475193,"Tomas.Tatar","https://a.espncdn.com/i/teamlogos/nhl/500/NJD.png",204,43,50.6395645790763,-7.63956457907625,"New Jersey Devils","#CE1126","#000000"
8477950,"Tony.DeAngelo","https://a.espncdn.com/i/teamlogos/nhl/500/PHI.png",140,21,18.024597807962,2.97540219203802,"Philadelphia Flyers","#F74902","#000000"
8476792,"Torey.Krug","https://a.espncdn.com/i/teamlogos/nhl/500/STL.png",173,18,18.4955496180919,-0.4955496180919,"St. Louis Blues","#002F87","#FCB514"
8476329,"Travis.Boyd","https://a.espncdn.com/i/teamlogos/nhl/500/ARI.png",189,36,28.7538216656831,7.24617833431694,"Arizona Coyotes","#8C2633","#DDCBA4"
8474612,"Travis.Hamonic","https://a.espncdn.com/i/teamlogos/nhl/500/OTT.png",155,11,11.2480995362275,-0.248099536227528,"Ottawa Senators","#C52032","#C2912C"
8478439,"Travis.Konecny","https://a.espncdn.com/i/teamlogos/nhl/500/PHI.png",185,56,53.8872857350798,2.11271426492021,"Philadelphia Flyers","#F74902","#000000"
8477948,"Travis.Sanheim","https://a.espncdn.com/i/teamlogos/nhl/500/PHI.png",209,17,20.6590993344435,-3.65909933444345,"Philadelphia Flyers","#F74902","#000000"
8479365,"Trent.Frederic","https://a.espncdn.com/i/teamlogos/nhl/500/BOS.png",174,28,26.2784880464314,1.72151195356855,"Boston Bruins","#FFB81C","#000000"
8473453,"Trevor.Lewis","https://a.espncdn.com/i/teamlogos/nhl/500/CGY.png",211,20,26.8741442027531,-6.87414420275309,"Calgary Flames","#C8102E","#F1BE48"
8479675,"Trevor.Moore","https://a.espncdn.com/i/teamlogos/nhl/500/LA.png",192,36,49.7138503138558,-13.7138503138558,"Los Angeles Kings","#111111","#A2AAAD"
8481533,"Trevor.Zegras","https://a.espncdn.com/i/teamlogos/nhl/500/ANA.png",176,48,39.6997797264485,8.30022027355153,"Anaheim Ducks","#F47A38","#B9975B"
8478873,"Troy.Terry","https://a.espncdn.com/i/teamlogos/nhl/500/ANA.png",189,66,55.600363278269,10.399636721731,"Anaheim Ducks","#F47A38","#B9975B"
8480848,"Ty.Dellandrea","https://a.espncdn.com/i/teamlogos/nhl/500/DAL.png",104,11,12.0792139498517,-1.07921394985169,"Dallas Stars","#006847","#8F8F8C"
8477479,"Tyler.Bertuzzi","https://a.espncdn.com/i/teamlogos/nhl/500/BOS.png",121,42,44.7667955360084,-2.76679553600843,"Boston Bruins","#FFB81C","#000000"
8474589,"Tyler.Ennis","https://a.espncdn.com/i/teamlogos/nhl/500/OTT.png",85,11,12.0217453878745,-1.02174538787446,"Ottawa Senators","#C52032","#C2912C"
8474870,"Tyler.Johnson","https://a.espncdn.com/i/teamlogos/nhl/500/CHI.png",130,22,26.4172850847681,-4.41728508476808,"Chicago Blackhawks","#CF0A2C","#000000"
8477353,"Tyler.Motte","https://a.espncdn.com/i/teamlogos/nhl/500/NYR.png",141,21,25.9961847234372,-4.99618472343718,"New York Rangers","#0038A8","#CE1126"
8475752,"Tyler.Pitlick","https://a.espncdn.com/i/teamlogos/nhl/500/STL.png",131,14,14.0274236509867,-0.0274236509867478,"St. Louis Blues","#002F87","#FCB514"
8475794,"Tyler.Seguin","https://a.espncdn.com/i/teamlogos/nhl/500/DAL.png",155,46,48.1887540551252,-2.18875405512517,"Dallas Stars","#006847","#8F8F8C"
8475726,"Tyler.Toffoli","https://a.espncdn.com/i/teamlogos/nhl/500/CGY.png",203,82,73.5266284290992,8.47337157090078,"Calgary Flames","#C8102E","#F1BE48"
8475197,"Tyson.Barrie","https://a.espncdn.com/i/teamlogos/nhl/500/NSH.png",207,27,24.8448541380349,2.15514586196514,"Nashville Predators","#FFB81C","#041E42"
8479370,"Tyson.Jost","https://a.espncdn.com/i/teamlogos/nhl/500/BUF.png",201,21,27.7991961981315,-6.79919619813154,"Buffalo Sabres","#002654","#FCB514"
8477501,"Valeri.Nichushkin","https://a.espncdn.com/i/teamlogos/nhl/500/COL.png",164,52,50.7382827342954,1.26171726570465,"Colorado Avalanche","#6F263D","#236192"
8481617,"Vasily.Podkolzin","https://a.espncdn.com/i/teamlogos/nhl/500/VAN.png",113,18,13.2948976213374,4.70510237866256,"Vancouver Canucks","#00205B","#00843D"
8475167,"Victor.Hedman","https://a.espncdn.com/i/teamlogos/nhl/500/TB.png",208,37,29.74271387716,7.25728612284001,"Tampa Bay Lightning","#002868","#FFFFFF"
8478109,"Victor.Olofsson","https://a.espncdn.com/i/teamlogos/nhl/500/BUF.png",197,59,44.3221473925828,14.6778526074172,"Buffalo Sabres","#002654","#FCB514"
8476437,"Victor.Rask","https://a.espncdn.com/i/teamlogos/nhl/500/SEA.png",100,19,11.8690738713194,7.13092612868058,"Seattle Kraken","#99D9D9","#001628"
8478042,"Viktor.Arvidsson","https://a.espncdn.com/i/teamlogos/nhl/500/LA.png",188,55,66.5260976925901,-11.5260976925901,"Los Angeles Kings","#111111","#A2AAAD"
8478407,"Vince.Dunn","https://a.espncdn.com/i/teamlogos/nhl/500/SEA.png",193,27,19.245589871367,7.75441012863303,"Seattle Kraken","#99D9D9","#001628"
8476389,"Vincent.Trocheck","https://a.espncdn.com/i/teamlogos/nhl/500/NYR.png",206,59,68.3457818341849,-9.34578183418489,"New York Rangers","#0038A8","#CE1126"
8476994,"Vinnie.Hinostroza","https://a.espncdn.com/i/teamlogos/nhl/500/BUF.png",112,18,15.1075599754986,2.89244002450141,"Buffalo Sabres","#002654","#FCB514"
8475765,"Vladimir.Tarasenko","https://a.espncdn.com/i/teamlogos/nhl/500/NYR.png",162,56,51.5193708690931,4.48062913090689,"New York Rangers","#0038A8","#CE1126"
8478882,"Vladislav.Gavrikov","https://a.espncdn.com/i/teamlogos/nhl/500/LA.png",202,12,14.5132684099808,-2.51326840998081,"Los Angeles Kings","#111111","#A2AAAD"
8476480,"Vladislav.Namestnikov","https://a.espncdn.com/i/teamlogos/nhl/500/WPG.png",193,32,38.6759880748577,-6.67598807485774,"Winnipeg Jets","#041E42","#AC162C"
8479322,"Wade.Allison","https://a.espncdn.com/i/teamlogos/nhl/500/PHI.png",71,12,13.09680366065,-1.09680366065004,"Philadelphia Flyers","#F74902","#000000"
8477998,"Warren.Foegele","https://a.espncdn.com/i/teamlogos/nhl/500/EDM.png",195,35,44.6172502387199,-9.61725023871986,"Edmonton Oilers","#FF4C00","#041E42"
8474190,"Wayne.Simmonds","https://a.espncdn.com/i/teamlogos/nhl/500/TOR.png",125,12,17.1250785203301,-5.12507852033013,"Toronto Maple Leafs","#00205B","#FFFFFF"
8477478,"William.Carrier","https://a.espncdn.com/i/teamlogos/nhl/500/VGK.png",171,31,35.9130013028043,-4.91300130280433,"Vegas Golden Knights","#B4975A","#333F42"
8476448,"William.Karlsson","https://a.espncdn.com/i/teamlogos/nhl/500/VGK.png",202,40,54.1159419849596,-14.1159419849596,"Vegas Golden Knights","#B4975A","#333F42"
8477939,"William.Nylander","https://a.espncdn.com/i/teamlogos/nhl/500/TOR.png",209,88,78.3905281595021,9.60947184049795,"Toronto Maple Leafs","#00205B","#FFFFFF"
8482740,"Wyatt.Johnston","https://a.espncdn.com/i/teamlogos/nhl/500/DAL.png",77,20,18.7769196414156,1.22308035858441,"Dallas Stars","#006847","#8F8F8C"
8478508,"Yakov.Trenin","https://a.espncdn.com/i/teamlogos/nhl/500/NSH.png",197,33,36.042614090009,-3.04261409000901,"Nashville Predators","#FFB81C","#041E42"
8476826,"Yanni.Gourde","https://a.espncdn.com/i/teamlogos/nhl/500/SEA.png",207,50,48.1856036981044,1.81439630189561,"Seattle Kraken","#99D9D9","#001628"
8482475,"Yegor.Chinakhov","https://a.espncdn.com/i/teamlogos/nhl/500/CBJ.png",91,11,11.2146732123729,-0.214673212372873,"Columbus Blue Jackets","#002654","#CE1126"
8481068,"Yegor.Sharangovich","https://a.espncdn.com/i/teamlogos/nhl/500/NJD.png",201,53,46.2848998688351,6.71510013116495,"New Jersey Devils","#CE1126","#000000"
8479944,"Zach.Aston.Reese","https://a.espncdn.com/i/teamlogos/nhl/500/TOR.png",184,24,26.666143782701,-2.66614378270102,"Toronto Maple Leafs","#00205B","#FFFFFF"
8475786,"Zach.Hyman","https://a.espncdn.com/i/teamlogos/nhl/500/EDM.png",194,77,94.8703212108253,-17.8703212108253,"Edmonton Oilers","#FF4C00","#041E42"
8470610,"Zach.Parise","https://a.espncdn.com/i/teamlogos/nhl/500/NYI.png",199,42,56.7549955894356,-14.7549955894356,"New York Islanders","#00539B","#F47D30"
8477482,"Zach.Sanford","https://a.espncdn.com/i/teamlogos/nhl/500/NSH.png",142,20,20.8179338399495,-0.817933839949546,"Nashville Predators","#FFB81C","#041E42"
8478460,"Zach.Werenski","https://a.espncdn.com/i/teamlogos/nhl/500/CBJ.png",116,21,19.5693011201511,1.43069887984893,"Columbus Blue Jackets","#002654","#CE1126"
8480727,"Zach.Whitecloud","https://a.espncdn.com/i/teamlogos/nhl/500/VGK.png",167,15,10.354867202288,4.64513279771199,"Vegas Golden Knights","#B4975A","#333F42"
8475178,"Zack.Kassian","https://a.espncdn.com/i/teamlogos/nhl/500/ARI.png",127,10,12.8307859566994,-2.8307859566994,"Arizona Coyotes","#8C2633","#DDCBA4"
8476878,"Zemgus.Girgensons","https://a.espncdn.com/i/teamlogos/nhl/500/BUF.png",129,20,20.7382682860771,-0.738268286077073,"Buffalo Sabres","#002654","#FCB514"
